ℹ [3321/3644] Replayed ECDSAAdd.Arithmetic.LiteralSkywalkSeedLayout
info: ECDSAAdd/Arithmetic/LiteralSkywalkSeedLayout.lean:128:0: 'ECDSAAdd.Arithmetic.literalSkywalkSeed_counts' depends on axioms: [propext, Classical.choice, Quot.sound]
info: ECDSAAdd/Arithmetic/LiteralSkywalkSeedLayout.lean:129:0: 'ECDSAAdd.Arithmetic.literalSkywalkSeed_frame' depends on axioms: [propext, Classical.choice, Quot.sound]
ℹ [3322/3644] Replayed ECDSAAdd.Arithmetic.LiteralSkywalkSeedProof
info: ECDSAAdd/Arithmetic/LiteralSkywalkSeedProof.lean:85:0: 'ECDSAAdd.Arithmetic.literalSkywalkSeed_spec' depends on axioms: [propext, Classical.choice, Quot.sound]
info: ECDSAAdd/Arithmetic/LiteralSkywalkSeedProof.lean:86:0: 'ECDSAAdd.Arithmetic.literalSkywalkUnseed_spec' depends on axioms: [propext, Classical.choice, Quot.sound]
ℹ [3323/3644] Replayed ECDSAAdd.Arithmetic.LiteralSkywalkSeedState
info: ECDSAAdd/Arithmetic/LiteralSkywalkSeedState.lean:114:0: 'ECDSAAdd.Arithmetic.literalSkywalkSeed_encode' depends on axioms: [propext, Quot.sound]
info: ECDSAAdd/Arithmetic/LiteralSkywalkSeedState.lean:115:0: 'ECDSAAdd.Arithmetic.literalSkywalkSeed_roundtrip' depends on axioms: [propext, Classical.choice, Quot.sound]
info: ECDSAAdd/Arithmetic/LiteralSkywalkSeedState.lean:116:0: 'ECDSAAdd.Arithmetic.literalSkywalkUnseed_preserves_outsideA' depends on axioms: [propext, Classical.choice, Quot.sound]
ℹ [3327/3644] Replayed ECDSAAdd.Arithmetic.LiteralSkywalkSeedPool
info: ECDSAAdd/Arithmetic/LiteralSkywalkSeedPool.lean:137:0: 'ECDSAAdd.Arithmetic.literalSkywalkPoolSeed_valid' depends on axioms: [propext, Classical.choice, Quot.sound]
info: ECDSAAdd/Arithmetic/LiteralSkywalkSeedPool.lean:138:0: 'ECDSAAdd.Arithmetic.literalSkywalkPoolSeed_boundary' depends on axioms: [propext, Classical.choice, Quot.sound]
info: ECDSAAdd/Arithmetic/LiteralSkywalkSeedPool.lean:139:0: 'ECDSAAdd.Arithmetic.literalSkywalkPoolSeed_qubitBound' depends on axioms: [propext, Classical.choice, Quot.sound]
ℹ [3328/3644] Replayed ECDSAAdd.Arithmetic.NativeFirstDirectProgram
info: ECDSAAdd/Arithmetic/NativeFirstDirectProgram.lean:93:0: 'ECDSAAdd.Arithmetic.NativeFirstDirect.hAdd_counts' depends on axioms: [propext, Classical.choice, Quot.sound]
info: ECDSAAdd/Arithmetic/NativeFirstDirectProgram.lean:94:0: 'ECDSAAdd.Arithmetic.NativeFirstDirect.kAdd_counts' depends on axioms: [propext, Classical.choice, Quot.sound]
info: ECDSAAdd/Arithmetic/NativeFirstDirectProgram.lean:95:0: 'ECDSAAdd.Arithmetic.NativeFirstDirect.lowCopy_counts' depends on axioms: [propext, Classical.choice, Quot.sound]
info: ECDSAAdd/Arithmetic/NativeFirstDirectProgram.lean:96:0: 'ECDSAAdd.Arithmetic.NativeFirstDirect.forward_counts' depends on axioms: [propext, Classical.choice, Quot.sound]
info: ECDSAAdd/Arithmetic/NativeFirstDirectProgram.lean:97:0: 'ECDSAAdd.Arithmetic.NativeFirstDirect.inverse_counts' depends on axioms: [propext, Classical.choice, Quot.sound]
ℹ [3329/3644] Replayed ECDSAAdd.Arithmetic.NativeFirstDirectLayout
info: ECDSAAdd/Arithmetic/NativeFirstDirectLayout.lean:139:0: 'ECDSAAdd.Arithmetic.NativeFirstDirect.index_ne' depends on axioms: [propext, Classical.choice, Quot.sound]
info: ECDSAAdd/Arithmetic/NativeFirstDirectLayout.lean:140:0: 'ECDSAAdd.Arithmetic.NativeFirstDirect.block_not_mem' depends on axioms: [propext, Classical.choice, Quot.sound]
info: ECDSAAdd/Arithmetic/NativeFirstDirectLayout.lean:141:0: 'ECDSAAdd.Arithmetic.NativeFirstDirect.block_nodup' depends on axioms: [propext, Classical.choice, Quot.sound]
info: ECDSAAdd/Arithmetic/NativeFirstDirectLayout.lean:142:0: 'ECDSAAdd.Arithmetic.NativeFirstDirect.block_disjoint' depends on axioms: [propext, Classical.choice, Quot.sound]
info: ECDSAAdd/Arithmetic/NativeFirstDirectLayout.lean:143:0: 'ECDSAAdd.Arithmetic.NativeFirstDirect.block_subset' depends on axioms: [propext, Classical.choice, Quot.sound]
info: ECDSAAdd/Arithmetic/NativeFirstDirectLayout.lean:144:0: 'ECDSAAdd.Arithmetic.NativeFirstDirect.h_inputs_nd' depends on axioms: [propext, Classical.choice, Quot.sound]
info: ECDSAAdd/Arithmetic/NativeFirstDirectLayout.lean:145:0: 'ECDSAAdd.Arithmetic.NativeFirstDirect.k_inputs_nd' depends on axioms: [propext, Classical.choice, Quot.sound]
info: ECDSAAdd/Arithmetic/NativeFirstDirectLayout.lean:146:0: 'ECDSAAdd.Arithmetic.NativeFirstDirect.hBits_wire' depends on axioms: [propext, Quot.sound]
info: ECDSAAdd/Arithmetic/NativeFirstDirectLayout.lean:147:0: 'ECDSAAdd.Arithmetic.NativeFirstDirect.kBits_wire' depends on axioms: [propext, Quot.sound]
info: ECDSAAdd/Arithmetic/NativeFirstDirectLayout.lean:148:0: 'ECDSAAdd.Arithmetic.NativeFirstDirect.h_sources_fresh' depends on axioms: [propext, Classical.choice, Quot.sound]
info: ECDSAAdd/Arithmetic/NativeFirstDirectLayout.lean:149:0: 'ECDSAAdd.Arithmetic.NativeFirstDirect.k_sources_fresh' depends on axioms: [propext, Classical.choice, Quot.sound]
info: ECDSAAdd/Arithmetic/NativeFirstDirectLayout.lean:150:0: 'ECDSAAdd.Arithmetic.NativeFirstDirect.copy_inputs_nd' depends on axioms: [propext, Classical.choice, Quot.sound]
ℹ [3330/3644] Replayed ECDSAAdd.Arithmetic.NativeFirstDirectSupport
info: ECDSAAdd/Arithmetic/NativeFirstDirectSupport.lean:144:0: 'ECDSAAdd.Arithmetic.NativeFirstDirect.prefix_support' depends on axioms: [propext, Classical.choice, Quot.sound]
info: ECDSAAdd/Arithmetic/NativeFirstDirectSupport.lean:145:0: 'ECDSAAdd.Arithmetic.NativeFirstDirect.prefix_qubitBound' depends on axioms: [propext, Classical.choice, Quot.sound]
info: ECDSAAdd/Arithmetic/NativeFirstDirectSupport.lean:146:0: 'ECDSAAdd.Arithmetic.NativeFirstDirect.prefix_pool_subset' depends on axioms: [propext, Classical.choice, Quot.sound]
ℹ [3331/3644] Replayed ECDSAAdd.Framework.CertifiedProgram
info: ECDSAAdd/Framework/CertifiedProgram.lean:26:0: 'ECDSAAdd.sealedProgram_eq' does not depend on any axioms
info: ECDSAAdd/Framework/CertifiedProgram.lean:27:0: 'ECDSAAdd.sealedProgram_run' does not depend on any axioms
info: ECDSAAdd/Framework/CertifiedProgram.lean:28:0: 'ECDSAAdd.sealedProgram_cost' depends on axioms: [propext, Classical.choice, Quot.sound]
ℹ [3333/3644] Replayed ECDSAAdd.Arithmetic.KnownOutputCarry
info: ECDSAAdd/Arithmetic/KnownOutputCarry.lean:43:0: 'ECDSAAdd.Arithmetic.KnownOutputCarry.incoming_from_sum' does not depend on any axioms
info: ECDSAAdd/Arithmetic/KnownOutputCarry.lean:44:0: 'ECDSAAdd.Arithmetic.KnownOutputCarry.completed_sum_carry' does not depend on any axioms
info: ECDSAAdd/Arithmetic/KnownOutputCarry.lean:45:0: 'ECDSAAdd.Arithmetic.KnownOutputCarry.erasePost_counts' depends on axioms: [propext]
info: ECDSAAdd/Arithmetic/KnownOutputCarry.lean:46:0: 'ECDSAAdd.Arithmetic.KnownOutputCarry.erasePost_correct' depends on axioms: [propext]
ℹ [3334/3644] Replayed ECDSAAdd.Arithmetic.KnownOutputAdder
info: ECDSAAdd/Arithmetic/KnownOutputAdder.lean:489:0: 'ECDSAAdd.Arithmetic.KnownOutputAdder.sumBits_value' depends on axioms: [propext, Classical.choice, Quot.sound]
info: ECDSAAdd/Arithmetic/KnownOutputAdder.lean:490:0: 'ECDSAAdd.Arithmetic.KnownOutputAdder.ready_of_value' depends on axioms: [propext, Classical.choice, Quot.sound]
info: ECDSAAdd/Arithmetic/KnownOutputAdder.lean:491:0: 'ECDSAAdd.Arithmetic.KnownOutputAdder.program_counts' depends on axioms: [propext, Classical.choice, Quot.sound]
info: ECDSAAdd/Arithmetic/KnownOutputAdder.lean:492:0: 'ECDSAAdd.Arithmetic.KnownOutputAdder.prepare_correct' depends on axioms: [propext, Classical.choice, Quot.sound]
info: ECDSAAdd/Arithmetic/KnownOutputAdder.lean:493:0: 'ECDSAAdd.Arithmetic.KnownOutputAdder.program_eq_mappedAdd' depends on axioms: [propext, Classical.choice, Quot.sound]
info: ECDSAAdd/Arithmetic/KnownOutputAdder.lean:494:0: 'ECDSAAdd.Arithmetic.KnownOutputAdder.program_correct' depends on axioms: [propext, Classical.choice, Quot.sound]
info: ECDSAAdd/Arithmetic/KnownOutputAdder.lean:495:0: 'ECDSAAdd.Arithmetic.KnownOutputAdder.program_support' depends on axioms: [propext, Classical.choice, Quot.sound]
ℹ [3335/3644] Replayed ECDSAAdd.Arithmetic.NativeFirstDirectValues
info: ECDSAAdd/Arithmetic/NativeFirstDirectValues.lean:83:0: 'ECDSAAdd.Arithmetic.NativeFirstDirect.hScalar_value' depends on axioms: [propext]
info: ECDSAAdd/Arithmetic/NativeFirstDirectValues.lean:84:0: 'ECDSAAdd.Arithmetic.NativeFirstDirect.kScalar_value' depends on axioms: [propext]
info: ECDSAAdd/Arithmetic/NativeFirstDirectValues.lean:85:0: 'ECDSAAdd.Arithmetic.NativeFirstDirect.hBits_value' depends on axioms: [propext, Quot.sound]
info: ECDSAAdd/Arithmetic/NativeFirstDirectValues.lean:86:0: 'ECDSAAdd.Arithmetic.NativeFirstDirect.kBits_value' depends on axioms: [propext]
info: ECDSAAdd/Arithmetic/NativeFirstDirectValues.lean:87:0: 'ECDSAAdd.Arithmetic.NativeFirstDirect.hConstant_low_zero' depends on axioms: [propext]
info: ECDSAAdd/Arithmetic/NativeFirstDirectValues.lean:88:0: 'ECDSAAdd.Arithmetic.NativeFirstDirect.kConstant_low_one' depends on axioms: [propext]
ℹ [3336/3644] Replayed ECDSAAdd.Arithmetic.NativeFirstDirectAddProof
info: ECDSAAdd/Arithmetic/NativeFirstDirectAddProof.lean:61:0: 'ECDSAAdd.Arithmetic.NativeFirstDirect.hAdd_spec' depends on axioms: [propext, Classical.choice, Quot.sound]
info: ECDSAAdd/Arithmetic/NativeFirstDirectAddProof.lean:62:0: 'ECDSAAdd.Arithmetic.NativeFirstDirect.kTail_spec' depends on axioms: [propext, Classical.choice, Quot.sound]
info: ECDSAAdd/Arithmetic/NativeFirstDirectAddProof.lean:63:0: 'ECDSAAdd.Arithmetic.NativeFirstDirect.kAdd_run' depends on axioms: [propext]
info: ECDSAAdd/Arithmetic/NativeFirstDirectAddProof.lean:64:0: 'ECDSAAdd.Arithmetic.NativeFirstDirect.kAdd_phase' depends on axioms: [propext, Classical.choice, Quot.sound]
ℹ [3338/3644] Replayed ECDSAAdd.Arithmetic.NativeFirstDirectInverseProof
info: ECDSAAdd/Arithmetic/NativeFirstDirectInverseProof.lean:277:0: 'ECDSAAdd.Arithmetic.NativeFirstDirect.hAdd_cancel' depends on axioms: [propext, Classical.choice, Quot.sound]
info: ECDSAAdd/Arithmetic/NativeFirstDirectInverseProof.lean:278:0: 'ECDSAAdd.Arithmetic.NativeFirstDirect.kAdd_spec' depends on axioms: [propext, Classical.choice, Quot.sound]
info: ECDSAAdd/Arithmetic/NativeFirstDirectInverseProof.lean:279:0: 'ECDSAAdd.Arithmetic.NativeFirstDirect.kAdd_cancel' depends on axioms: [propext, Classical.choice, Quot.sound]
info: ECDSAAdd/Arithmetic/NativeFirstDirectInverseProof.lean:280:0: 'ECDSAAdd.Arithmetic.NativeFirstDirect.inverse_forward' depends on axioms: [propext, Classical.choice, Quot.sound]
ℹ [3339/3644] Replayed ECDSAAdd.Arithmetic.NativeFirstDirectInverseWrapper
info: ECDSAAdd/Arithmetic/NativeFirstDirectInverseWrapper.lean:111:0: 'ECDSAAdd.Arithmetic.NativeFirstDirect.inverse_forward_ready' depends on axioms: [propext, Classical.choice, Quot.sound]
info: ECDSAAdd/Arithmetic/NativeFirstDirectInverseWrapper.lean:112:0: 'ECDSAAdd.Arithmetic.NativeFirstDirect.prefix_post_unique' depends on axioms: [propext, Quot.sound]
info: ECDSAAdd/Arithmetic/NativeFirstDirectInverseWrapper.lean:113:0: 'ECDSAAdd.Arithmetic.NativeFirstDirect.inverse_forward_transport' depends on axioms: [propext,
 Classical.choice,
 Quot.sound]
ℹ [3362/3644] Replayed ECDSAAdd.Arithmetic.CompactSkywalkSignReleaseProgram
info: ECDSAAdd/Arithmetic/CompactSkywalkSignReleaseProgram.lean:132:0: 'ECDSAAdd.Arithmetic.compactSkywalkSignRelease_correct' depends on axioms: [propext, Classical.choice, Quot.sound]
info: ECDSAAdd/Arithmetic/CompactSkywalkSignReleaseProgram.lean:133:0: 'ECDSAAdd.Arithmetic.compactSkywalkSignRelease_roundtrip' depends on axioms: [propext, Classical.choice, Quot.sound]
info: ECDSAAdd/Arithmetic/CompactSkywalkSignReleaseProgram.lean:134:0: 'ECDSAAdd.Arithmetic.compactSkywalkSignRelease_counts' depends on axioms: [propext]
ℹ [3363/3644] Replayed ECDSAAdd.Arithmetic.CompactSkywalkSignReleaseMath
info: ECDSAAdd/Arithmetic/CompactSkywalkSignReleaseMath.lean:68:0: 'ECDSAAdd.Arithmetic.compactSkywalkSignRelease_signed' depends on axioms: [propext, Classical.choice, Quot.sound]
info: ECDSAAdd/Arithmetic/CompactSkywalkSignReleaseMath.lean:69:0: 'ECDSAAdd.Arithmetic.compactSkywalkSignRelease_copies_of_fit' depends on axioms: [propext, Classical.choice, Quot.sound]
info: ECDSAAdd/Arithmetic/CompactSkywalkSignReleaseMath.lean:70:0: 'ECDSAAdd.Arithmetic.compactSkywalkSignExpand_signed' depends on axioms: [propext, Classical.choice, Quot.sound]
ℹ [3364/3644] Replayed ECDSAAdd.Arithmetic.CompactSkywalkSignReleaseViews
info: ECDSAAdd/Arithmetic/CompactSkywalkSignReleaseViews.lean:94:0: 'ECDSAAdd.Arithmetic.compactSkywalkSignWord_release' depends on axioms: [propext, Classical.choice, Quot.sound]
info: ECDSAAdd/Arithmetic/CompactSkywalkSignReleaseViews.lean:95:0: 'ECDSAAdd.Arithmetic.compactSkywalkSignWord_expand' depends on axioms: [propext, Classical.choice, Quot.sound]
ℹ [3365/3644] Replayed ECDSAAdd.Arithmetic.CompactSkywalkTickLayout
info: ECDSAAdd/Arithmetic/CompactSkywalkTickLayout.lean:88:0: 'ECDSAAdd.Arithmetic.compactSkywalkTick_half' depends on axioms: [propext, Classical.choice, Quot.sound]
ℹ [3366/3644] Replayed ECDSAAdd.Arithmetic.CompactSkywalkTickValidation
info: ECDSAAdd/Arithmetic/CompactSkywalkTickValidation.lean:93:0: 'ECDSAAdd.Arithmetic.compactSkywalkTick_valid' depends on axioms: [propext, Classical.choice, Quot.sound]
ℹ [3367/3644] Replayed ECDSAAdd.Arithmetic.CompactSkywalkTickProgram
info: ECDSAAdd/Arithmetic/CompactSkywalkTickProgram.lean:101:0: 'ECDSAAdd.Arithmetic.compactSkywalkTick_counts' depends on axioms: [propext, Classical.choice, Quot.sound]
info: ECDSAAdd/Arithmetic/CompactSkywalkTickProgram.lean:102:0: 'ECDSAAdd.Arithmetic.compactSkywalkTick_support' depends on axioms: [propext, Classical.choice, Quot.sound]
ℹ [3368/3644] Replayed ECDSAAdd.Arithmetic.CompactSkywalkTickProof
info: ECDSAAdd/Arithmetic/CompactSkywalkTickProof.lean:70:0: 'ECDSAAdd.Arithmetic.compactSkywalkTick_native_spec' depends on axioms: [propext, Classical.choice, Quot.sound]
info: ECDSAAdd/Arithmetic/CompactSkywalkTickProof.lean:71:0: 'ECDSAAdd.Arithmetic.compactSkywalkTick_native_copies' depends on axioms: [propext, Classical.choice, Quot.sound]
ℹ [3369/3644] Replayed ECDSAAdd.Arithmetic.CompactSkywalkSignReleasePool
info: ECDSAAdd/Arithmetic/CompactSkywalkSignReleasePool.lean:119:0: 'ECDSAAdd.Arithmetic.compactSkywalkSignPool_stage_copies' depends on axioms: [propext, Classical.choice, Quot.sound]
info: ECDSAAdd/Arithmetic/CompactSkywalkSignReleasePool.lean:120:0: 'ECDSAAdd.Arithmetic.compactSkywalkSignPool_roundtrip' depends on axioms: [propext, Classical.choice, Quot.sound]
ℹ [3370/3644] Replayed ECDSAAdd.Arithmetic.CompactSkywalkSignReleasePair
info: ECDSAAdd/Arithmetic/CompactSkywalkSignReleasePair.lean:126:0: 'ECDSAAdd.Arithmetic.compactSkywalkSignPool_release_correct' depends on axioms: [propext, Classical.choice, Quot.sound]
info: ECDSAAdd/Arithmetic/CompactSkywalkSignReleasePair.lean:127:0: 'ECDSAAdd.Arithmetic.compactSkywalkSignPool_stage_release' depends on axioms: [propext, Classical.choice, Quot.sound]
ℹ [3371/3644] Replayed ECDSAAdd.Arithmetic.CompactSkywalkTickEntry
info: ECDSAAdd/Arithmetic/CompactSkywalkTickEntry.lean:125:0: 'ECDSAAdd.Arithmetic.compactSkywalkTickEntry_from_stage' depends on axioms: [propext, Classical.choice, Quot.sound]
ℹ [3372/3644] Replayed ECDSAAdd.Arithmetic.CompactSkywalkTickOutputCleanup
info: ECDSAAdd/Arithmetic/CompactSkywalkTickOutputCleanup.lean:125:0: 'ECDSAAdd.Arithmetic.compactSkywalkTickOutput_cleanup_correct' depends on axioms: [propext,
 Classical.choice,
 Quot.sound]
info: ECDSAAdd/Arithmetic/CompactSkywalkTickOutputCleanup.lean:126:0: 'ECDSAAdd.Arithmetic.compactSkywalkTickOutput_metadataAway' depends on axioms: [propext, Classical.choice, Quot.sound]
ℹ [3373/3644] Replayed ECDSAAdd.Arithmetic.CompactSkywalkTickOutputSpec
info: ECDSAAdd/Arithmetic/CompactSkywalkTickOutputSpec.lean:79:0: 'ECDSAAdd.Arithmetic.compactSkywalkTickOutput_run' depends on axioms: [propext]
info: ECDSAAdd/Arithmetic/CompactSkywalkTickOutputSpec.lean:80:0: 'ECDSAAdd.Arithmetic.compactSkywalkTickOutput_spec' depends on axioms: [propext, Classical.choice, Quot.sound]
info: ECDSAAdd/Arithmetic/CompactSkywalkTickOutputSpec.lean:81:0: 'ECDSAAdd.Arithmetic.compactSkywalkTickOutput_frame' depends on axioms: [propext, Classical.choice, Quot.sound]
ℹ [3374/3644] Replayed ECDSAAdd.Arithmetic.CompactSkywalkStageViews
info: ECDSAAdd/Arithmetic/CompactSkywalkStageViews.lean:95:0: 'ECDSAAdd.Arithmetic.compactSkywalkStage_zero_iff' depends on axioms: [propext, Quot.sound]
info: ECDSAAdd/Arithmetic/CompactSkywalkStageViews.lean:96:0: 'ECDSAAdd.Arithmetic.compactSkywalkStage_valid' depends on axioms: [propext, Classical.choice, Quot.sound]
ℹ [3375/3644] Replayed ECDSAAdd.Arithmetic.CompactSkywalkStageVirtual
info: ECDSAAdd/Arithmetic/CompactSkywalkStageVirtual.lean:145:0: 'ECDSAAdd.Arithmetic.compactSkywalkStage_virtual_values' depends on axioms: [propext, Classical.choice, Quot.sound]
info: ECDSAAdd/Arithmetic/CompactSkywalkStageVirtual.lean:146:0: 'ECDSAAdd.Arithmetic.compactSkywalkStage_release_virtual' depends on axioms: [propext, Classical.choice, Quot.sound]
info: ECDSAAdd/Arithmetic/CompactSkywalkStageVirtual.lean:147:0: 'ECDSAAdd.Arithmetic.compactSkywalkStage_local_input' depends on axioms: [propext, Classical.choice, Quot.sound]
ℹ [3376/3644] Replayed ECDSAAdd.Arithmetic.CompactSkywalkStageFrame
info: ECDSAAdd/Arithmetic/CompactSkywalkStageFrame.lean:70:0: 'ECDSAAdd.Arithmetic.compactSkywalkStage_virtual_index' depends on axioms: [propext, Classical.choice, Quot.sound]
info: ECDSAAdd/Arithmetic/CompactSkywalkStageFrame.lean:71:0: 'ECDSAAdd.Arithmetic.compactSkywalkStage_tick_keep' depends on axioms: [propext, Classical.choice, Quot.sound]
ℹ [3377/3644] Replayed ECDSAAdd.Arithmetic.CompactSkywalkStageFields
info: ECDSAAdd/Arithmetic/CompactSkywalkStageFields.lean:86:0: 'ECDSAAdd.Arithmetic.compactSkywalkStage_fields_iff' depends on axioms: [propext, Classical.choice, Quot.sound]
ℹ [3378/3644] Replayed ECDSAAdd.Arithmetic.CompactSkywalkStageMetadata
info: ECDSAAdd/Arithmetic/CompactSkywalkStageMetadata.lean:117:0: 'ECDSAAdd.Arithmetic.compactSkywalkStageMetadata_pastG' depends on axioms: [propext, Classical.choice, Quot.sound]
info: ECDSAAdd/Arithmetic/CompactSkywalkStageMetadata.lean:118:0: 'ECDSAAdd.Arithmetic.compactSkywalkStageMetadata_pastS' depends on axioms: [propext, Classical.choice, Quot.sound]
info: ECDSAAdd/Arithmetic/CompactSkywalkStageMetadata.lean:119:0: 'ECDSAAdd.Arithmetic.compactSkywalkStageMetadata_futureExtension' depends on axioms: [propext,
 Classical.choice,
 Quot.sound]
info: ECDSAAdd/Arithmetic/CompactSkywalkStageMetadata.lean:120:0: 'ECDSAAdd.Arithmetic.compactSkywalkStageMetadata_futureS' depends on axioms: [propext, Classical.choice, Quot.sound]
info: ECDSAAdd/Arithmetic/CompactSkywalkStageMetadata.lean:121:0: 'ECDSAAdd.Arithmetic.compactSkywalkStageMetadata_carryTail' depends on axioms: [propext, Classical.choice, Quot.sound]
info: ECDSAAdd/Arithmetic/CompactSkywalkStageMetadata.lean:122:0: 'ECDSAAdd.Arithmetic.compactSkywalkStageMetadata_orientation' depends on axioms: [propext, Classical.choice, Quot.sound]
info: ECDSAAdd/Arithmetic/CompactSkywalkStageMetadata.lean:123:0: 'ECDSAAdd.Arithmetic.compactSkywalkStageMetadata_history' depends on axioms: [propext]
info: ECDSAAdd/Arithmetic/CompactSkywalkStageMetadata.lean:124:0: 'ECDSAAdd.Arithmetic.compactSkywalkStageMetadata_previous' depends on axioms: [propext]
info: ECDSAAdd/Arithmetic/CompactSkywalkStageMetadata.lean:125:0: 'ECDSAAdd.Arithmetic.compactSkywalkStageMetadata_previousG' depends on axioms: [propext, Quot.sound]
info: ECDSAAdd/Arithmetic/CompactSkywalkStageMetadata.lean:126:0: 'ECDSAAdd.Arithmetic.compactSkywalkStageMetadata_orientation_zero' depends on axioms: [propext]
ℹ [3379/3644] Replayed ECDSAAdd.Arithmetic.CompactSkywalkStageStepGeometry
info: ECDSAAdd/Arithmetic/CompactSkywalkStageStepGeometry.lean:84:0: 'ECDSAAdd.Arithmetic.compactSkywalkStageStep_retained' depends on axioms: [propext, Classical.choice, Quot.sound]
info: ECDSAAdd/Arithmetic/CompactSkywalkStageStepGeometry.lean:85:0: 'ECDSAAdd.Arithmetic.compactSkywalkStageStep_tail_views' depends on axioms: [propext, Classical.choice, Quot.sound]
ℹ [3380/3644] Replayed ECDSAAdd.Arithmetic.CompactSkywalkStageStepTails
info: ECDSAAdd/Arithmetic/CompactSkywalkStageStepTails.lean:68:0: 'ECDSAAdd.Arithmetic.compactSkywalkStageStep_clean_tails' depends on axioms: [propext, Classical.choice, Quot.sound]
ℹ [3381/3644] Replayed ECDSAAdd.Arithmetic.CompactSkywalkStageStepProof
info: ECDSAAdd/Arithmetic/CompactSkywalkStageStepProof.lean:84:0: 'ECDSAAdd.Arithmetic.compactSkywalkStageStep' depends on axioms: [propext, Classical.choice, Quot.sound]
ℹ [3382/3644] Replayed ECDSAAdd.Arithmetic.CompactSkywalkForward
info: ECDSAAdd/Arithmetic/CompactSkywalkForward.lean:78:0: 'ECDSAAdd.Arithmetic.compactSkywalkForward_spec' depends on axioms: [propext, Classical.choice, Quot.sound]
info: ECDSAAdd/Arithmetic/CompactSkywalkForward.lean:79:0: 'ECDSAAdd.Arithmetic.compactSkywalkForward_512_counts' depends on axioms: [propext, Classical.choice, Quot.sound]
ℹ [3383/3644] Replayed ECDSAAdd.Arithmetic.CompactSkywalkForwardFrame
info: ECDSAAdd/Arithmetic/CompactSkywalkForwardFrame.lean:35:0: 'ECDSAAdd.Arithmetic.compactSkywalkForward_support' depends on axioms: [propext, Classical.choice, Quot.sound]
info: ECDSAAdd/Arithmetic/CompactSkywalkForwardFrame.lean:36:0: 'ECDSAAdd.Arithmetic.compactSkywalkForward_frame' depends on axioms: [propext, Classical.choice, Quot.sound]
ℹ [3384/3644] Replayed ECDSAAdd.Arithmetic.CompressedCompactSupport
info: ECDSAAdd/Arithmetic/CompressedCompactSupport.lean:69:0: 'ECDSAAdd.Arithmetic.compressedHistory_disjoint_compactTick' depends on axioms: [propext, Classical.choice, Quot.sound]
info: ECDSAAdd/Arithmetic/CompressedCompactSupport.lean:70:0: 'ECDSAAdd.Arithmetic.compressedPrefix_disjoint_compactTick' depends on axioms: [propext, Classical.choice, Quot.sound]
info: ECDSAAdd/Arithmetic/CompressedCompactSupport.lean:71:0: 'ECDSAAdd.Arithmetic.compressedCompactHistory_legal' depends on axioms: [propext, Classical.choice, Quot.sound]
ℹ [3385/3644] Replayed ECDSAAdd.Arithmetic.CompressedCompactStage
info: ECDSAAdd/Arithmetic/CompressedCompactStage.lean:117:0: 'ECDSAAdd.Arithmetic.compressedCompactStage_step' depends on axioms: [propext, Classical.choice, Quot.sound]
info: ECDSAAdd/Arithmetic/CompressedCompactStage.lean:118:0: 'ECDSAAdd.Arithmetic.CompressedCompactStage_spec' depends on axioms: [propext, Classical.choice, Quot.sound]
ℹ [3386/3644] Replayed ECDSAAdd.Arithmetic.CompressedCompactFrame
info: ECDSAAdd/Arithmetic/CompressedCompactFrame.lean:81:0: 'ECDSAAdd.Arithmetic.compressedCompactForward_512_spec' depends on axioms: [propext, Classical.choice, Quot.sound]
info: ECDSAAdd/Arithmetic/CompressedCompactFrame.lean:82:0: 'ECDSAAdd.Arithmetic.compressedCompactForward_support' depends on axioms: [propext, Classical.choice, Quot.sound]
info: ECDSAAdd/Arithmetic/CompressedCompactFrame.lean:83:0: 'ECDSAAdd.Arithmetic.compressedCompactForward_frame' depends on axioms: [propext, Classical.choice, Quot.sound]
info: ECDSAAdd/Arithmetic/CompressedCompactFrame.lean:84:0: 'ECDSAAdd.Arithmetic.compressedCompactForward_counts' depends on axioms: [propext, Classical.choice, Quot.sound]
ℹ [3387/3644] Replayed ECDSAAdd.Arithmetic.CompactSkywalkReverseProgram
info: ECDSAAdd/Arithmetic/CompactSkywalkReverseProgram.lean:112:0: 'ECDSAAdd.Arithmetic.compactSkywalkReverseTick_roundtrip' depends on axioms: [propext, Classical.choice, Quot.sound]
info: ECDSAAdd/Arithmetic/CompactSkywalkReverseProgram.lean:113:0: 'ECDSAAdd.Arithmetic.compactSkywalkReverseTick_counts' depends on axioms: [propext, Classical.choice, Quot.sound]
ℹ [3388/3644] Replayed ECDSAAdd.Arithmetic.CompactSkywalkReverseLoop
info: ECDSAAdd/Arithmetic/CompactSkywalkReverseLoop.lean:83:0: 'ECDSAAdd.Arithmetic.compactSkywalkReverse_roundtrip' depends on axioms: [propext, Classical.choice, Quot.sound]
info: ECDSAAdd/Arithmetic/CompactSkywalkReverseLoop.lean:84:0: 'ECDSAAdd.Arithmetic.compactSkywalkReverse_512_counts' depends on axioms: [propext, Classical.choice, Quot.sound]
ℹ [3389/3644] Replayed ECDSAAdd.Arithmetic.CompactSkywalkReverseFrame
info: ECDSAAdd/Arithmetic/CompactSkywalkReverseFrame.lean:62:0: 'ECDSAAdd.Arithmetic.compactSkywalkReverse_support' depends on axioms: [propext, Classical.choice, Quot.sound]
info: ECDSAAdd/Arithmetic/CompactSkywalkReverseFrame.lean:63:0: 'ECDSAAdd.Arithmetic.compactSkywalkReverse_restore_after_outside' depends on axioms: [propext,
 Classical.choice,
 Quot.sound]
ℹ [3392/3644] Replayed ECDSAAdd.Arithmetic.CompressedCompactReverseProgram
info: ECDSAAdd/Arithmetic/CompressedCompactReverseProgram.lean:99:0: 'ECDSAAdd.Arithmetic.compressedHistory_disjoint_compactReverseTick' depends on axioms: [propext,
 Classical.choice,
 Quot.sound]
info: ECDSAAdd/Arithmetic/CompressedCompactReverseProgram.lean:100:0: 'ECDSAAdd.Arithmetic.compressedCompactReverse_counts_relative' depends on axioms: [propext,
 Classical.choice,
 Quot.sound]
info: ECDSAAdd/Arithmetic/CompressedCompactReverseProgram.lean:101:0: 'ECDSAAdd.Arithmetic.compressedCompactReverse_normalize' depends on axioms: [propext, Classical.choice, Quot.sound]
ℹ [3395/3644] Replayed ECDSAAdd.Arithmetic.CompressedCompactDecode
info: ECDSAAdd/Arithmetic/CompressedCompactDecode.lean:72:0: 'ECDSAAdd.Arithmetic.compressedCompactDecodePrefix_inverse' depends on axioms: [propext, Classical.choice, Quot.sound]
info: ECDSAAdd/Arithmetic/CompressedCompactDecode.lean:73:0: 'ECDSAAdd.Arithmetic.compressedCompactStage_decoded' depends on axioms: [propext, Classical.choice, Quot.sound]
ℹ [3396/3644] Replayed ECDSAAdd.Arithmetic.CompactSkywalkStageTerminal
info: ECDSAAdd/Arithmetic/CompactSkywalkStageTerminal.lean:67:0: 'ECDSAAdd.Arithmetic.compactSkywalkStage_terminal_nonnegative' depends on axioms: [propext,
 Classical.choice,
 Quot.sound]
info: ECDSAAdd/Arithmetic/CompactSkywalkStageTerminal.lean:68:0: 'ECDSAAdd.Arithmetic.compactSkywalkStage_terminal' depends on axioms: [propext, Classical.choice, Quot.sound]
ℹ [3397/3644] Replayed ECDSAAdd.Arithmetic.CompressedCompactRestore
info: ECDSAAdd/Arithmetic/CompressedCompactRestore.lean:148:0: 'ECDSAAdd.Arithmetic.compressedCompactReverse_support' depends on axioms: [propext, Classical.choice, Quot.sound]
info: ECDSAAdd/Arithmetic/CompressedCompactRestore.lean:149:0: 'ECDSAAdd.Arithmetic.compressedCompactReverse_restore_pool' depends on axioms: [propext, Classical.choice, Quot.sound]
info: ECDSAAdd/Arithmetic/CompressedCompactRestore.lean:150:0: 'ECDSAAdd.Arithmetic.compressedCompactReverse_512_roundtrip' depends on axioms: [propext, Classical.choice, Quot.sound]
info: ECDSAAdd/Arithmetic/CompressedCompactRestore.lean:151:0: 'ECDSAAdd.Arithmetic.compressedCompactReverse_restore_after_outside' depends on axioms: [propext,
 Classical.choice,
 Quot.sound]
info: ECDSAAdd/Arithmetic/CompressedCompactRestore.lean:152:0: 'ECDSAAdd.Arithmetic.compressedCompactReverse_counts' depends on axioms: [propext, Classical.choice, Quot.sound]
ℹ [3398/3644] Replayed ECDSAAdd.Arithmetic.NativeFirstDirectInverseFinish
info: ECDSAAdd/Arithmetic/NativeFirstDirectInverseFinish.lean:37:0: 'ECDSAAdd.Arithmetic.NativeFirstDirect.inverse_restore_after_outside' depends on axioms: [propext,
 Classical.choice,
 Quot.sound]
ℹ [3399/3644] Replayed ECDSAAdd.Arithmetic.NativeFirstKnownProgram
info: ECDSAAdd/Arithmetic/NativeFirstKnownProgram.lean:146:0: 'ECDSAAdd.Arithmetic.NativeFirstKnown.hReceiver_counts' depends on axioms: [propext, Classical.choice, Quot.sound]
info: ECDSAAdd/Arithmetic/NativeFirstKnownProgram.lean:147:0: 'ECDSAAdd.Arithmetic.NativeFirstKnown.inverse_counts' depends on axioms: [propext, Classical.choice, Quot.sound]
info: ECDSAAdd/Arithmetic/NativeFirstKnownProgram.lean:148:0: 'ECDSAAdd.Arithmetic.NativeFirstKnown.hReceiver_eq' depends on axioms: [propext, Classical.choice, Quot.sound]
info: ECDSAAdd/Arithmetic/NativeFirstKnownProgram.lean:149:0: 'ECDSAAdd.Arithmetic.NativeFirstKnown.inverse_support' depends on axioms: [propext, Classical.choice, Quot.sound]
ℹ [3455/3644] Replayed ECDSAAdd.Arithmetic.LiteralSkywalkSeedSharedBridgeSupport
info: ECDSAAdd/Arithmetic/LiteralSkywalkSeedSharedBridgeSupport.lean:85:0: 'ECDSAAdd.Arithmetic.literalSkywalkSeedSharedBridge_oldSeed_outsideA' depends on axioms: [propext,
 Classical.choice,
 Quot.sound]
info: ECDSAAdd/Arithmetic/LiteralSkywalkSeedSharedBridgeSupport.lean:86:0: 'ECDSAAdd.Arithmetic.literalSkywalkSeedSharedBridge_oldUnseed_outsideA' depends on axioms: [propext,
 Classical.choice,
 Quot.sound]
ℹ [3456/3644] Replayed ECDSAAdd.Arithmetic.LiteralSkywalkSeedSharedBridge
info: ECDSAAdd/Arithmetic/LiteralSkywalkSeedSharedBridge.lean:102:0: 'ECDSAAdd.Arithmetic.literalSkywalkSeedSharedBridge_seed_eq' depends on axioms: [propext, Classical.choice, Quot.sound]
info: ECDSAAdd/Arithmetic/LiteralSkywalkSeedSharedBridge.lean:103:0: 'ECDSAAdd.Arithmetic.literalSkywalkSeedSharedBridge_unseed_eq' depends on axioms: [propext,
 Classical.choice,
 Quot.sound]
info: ECDSAAdd/Arithmetic/LiteralSkywalkSeedSharedBridge.lean:104:0: 'ECDSAAdd.Arithmetic.literalSkywalkSeedSharedBridge_seed_spec' depends on axioms: [propext,
 Classical.choice,
 Quot.sound]
info: ECDSAAdd/Arithmetic/LiteralSkywalkSeedSharedBridge.lean:105:0: 'ECDSAAdd.Arithmetic.literalSkywalkSeedSharedBridge_unseed_spec' depends on axioms: [propext,
 Classical.choice,
 Quot.sound]
ℹ [3459/3644] Replayed ECDSAAdd.Arithmetic.MixedTranscriptReplay
info: ECDSAAdd/Arithmetic/MixedTranscriptReplay.lean:195:0: 'ECDSAAdd.Arithmetic.mixedTranscriptTape_layout' depends on axioms: [propext]
info: ECDSAAdd/Arithmetic/MixedTranscriptReplay.lean:196:0: 'ECDSAAdd.Arithmetic.mixedTranscriptReplay_spec' depends on axioms: [propext, Classical.choice, Quot.sound]
info: ECDSAAdd/Arithmetic/MixedTranscriptReplay.lean:197:0: 'ECDSAAdd.Arithmetic.mixedTranscriptInverseReplay_spec' depends on axioms: [propext, Classical.choice, Quot.sound]
info: ECDSAAdd/Arithmetic/MixedTranscriptReplay.lean:198:0: 'ECDSAAdd.Arithmetic.mixedTranscriptReplay_counts' depends on axioms: [propext, Classical.choice, Quot.sound]
info: ECDSAAdd/Arithmetic/MixedTranscriptReplay.lean:199:0: 'ECDSAAdd.Arithmetic.mixedTranscriptInverseReplay_counts' depends on axioms: [propext, Classical.choice, Quot.sound]
info: ECDSAAdd/Arithmetic/MixedTranscriptReplay.lean:200:0: 'ECDSAAdd.Arithmetic.mixedTranscriptTape_controls' depends on axioms: [propext, Classical.choice, Quot.sound]
info: ECDSAAdd/Arithmetic/MixedTranscriptReplay.lean:201:0: 'ECDSAAdd.Arithmetic.mixedTranscriptTape_quotient' depends on axioms: [propext, Classical.choice, Quot.sound]
info: ECDSAAdd/Arithmetic/MixedTranscriptReplay.lean:202:0: 'ECDSAAdd.Arithmetic.mixedTranscriptTape_product' depends on axioms: [propext, Classical.choice, Quot.sound]
info: ECDSAAdd/Arithmetic/MixedTranscriptReplay.lean:204:0: 'ECDSAAdd.Arithmetic.mixedTranscriptUnitTrace' depends on axioms: [propext]
info: ECDSAAdd/Arithmetic/MixedTranscriptReplay.lean:205:0: 'ECDSAAdd.Arithmetic.MixedTranscriptLetter' does not depend on any axioms
info: ECDSAAdd/Arithmetic/MixedTranscriptReplay.lean:206:0: 'ECDSAAdd.Arithmetic.mixedTranscriptTape' depends on axioms: [propext]
info: ECDSAAdd/Arithmetic/MixedTranscriptReplay.lean:207:0: 'ECDSAAdd.Arithmetic.MixedTranscriptReplayLayout' does not depend on any axioms
info: ECDSAAdd/Arithmetic/MixedTranscriptReplay.lean:208:0: 'ECDSAAdd.Arithmetic.mixedTranscriptControls' does not depend on any axioms
info: ECDSAAdd/Arithmetic/MixedTranscriptReplay.lean:209:0: 'ECDSAAdd.Arithmetic.mixedTranscriptReplay' depends on axioms: [propext]
info: ECDSAAdd/Arithmetic/MixedTranscriptReplay.lean:210:0: 'ECDSAAdd.Arithmetic.mixedTranscriptInverseReplay' depends on axioms: [propext]
info: ECDSAAdd/Arithmetic/MixedTranscriptReplay.lean:211:0: 'ECDSAAdd.Arithmetic.mixedTranscriptUnitTrace_length' depends on axioms: [propext]
info: ECDSAAdd/Arithmetic/MixedTranscriptReplay.lean:212:0: 'ECDSAAdd.Arithmetic.mixedTranscriptTape_length' depends on axioms: [propext, Classical.choice, Quot.sound]
info: ECDSAAdd/Arithmetic/MixedTranscriptReplay.lean:213:0: 'ECDSAAdd.Arithmetic.mixedTranscriptControls_zip' depends on axioms: [propext, Classical.choice, Quot.sound]
ℹ [3460/3644] Replayed ECDSAAdd.Arithmetic.DirectSkywalkLiteralSeedBridge
info: ECDSAAdd/Arithmetic/DirectSkywalkLiteralSeedBridge.lean:65:0: 'ECDSAAdd.Arithmetic.directSkywalkLiteralSeed_seed_eq' depends on axioms: [propext, Classical.choice, Quot.sound]
info: ECDSAAdd/Arithmetic/DirectSkywalkLiteralSeedBridge.lean:66:0: 'ECDSAAdd.Arithmetic.directSkywalkLiteralSeed_unseed_eq' depends on axioms: [propext, Classical.choice, Quot.sound]
ℹ [3461/3644] Replayed ECDSAAdd.Arithmetic.BalancedFieldABI
info: ECDSAAdd/Arithmetic/BalancedFieldABI.lean:169:0: 'ECDSAAdd.Arithmetic.BalancedField.q' depends on axioms: [propext]
info: ECDSAAdd/Arithmetic/BalancedFieldABI.lean:170:0: 'ECDSAAdd.Arithmetic.BalancedField.h' depends on axioms: [propext]
info: ECDSAAdd/Arithmetic/BalancedFieldABI.lean:171:0: 'ECDSAAdd.Arithmetic.BalancedField.Centered' depends on axioms: [propext]
info: ECDSAAdd/Arithmetic/BalancedFieldABI.lean:172:0: 'ECDSAAdd.Arithmetic.BalancedField.centerFp' depends on axioms: [propext]
info: ECDSAAdd/Arithmetic/BalancedFieldABI.lean:173:0: 'ECDSAAdd.Arithmetic.BalancedField.canonicalOfCenter' depends on axioms: [propext]
info: ECDSAAdd/Arithmetic/BalancedFieldABI.lean:174:0: 'ECDSAAdd.Arithmetic.BalancedField.encodeWord' depends on axioms: [propext]
info: ECDSAAdd/Arithmetic/BalancedFieldABI.lean:175:0: 'ECDSAAdd.Arithmetic.BalancedField.centerWord' depends on axioms: [propext]
info: ECDSAAdd/Arithmetic/BalancedFieldABI.lean:176:0: 'ECDSAAdd.Arithmetic.BalancedField.ValidCenterWord' depends on axioms: [propext]
info: ECDSAAdd/Arithmetic/BalancedFieldABI.lean:177:0: 'ECDSAAdd.Arithmetic.BalancedField.constants' depends on axioms: [propext, Classical.choice, Quot.sound]
info: ECDSAAdd/Arithmetic/BalancedFieldABI.lean:178:0: 'ECDSAAdd.Arithmetic.BalancedField.centerFp_bounds' depends on axioms: [propext, Classical.choice, Quot.sound]
info: ECDSAAdd/Arithmetic/BalancedFieldABI.lean:179:0: 'ECDSAAdd.Arithmetic.BalancedField.centerFp_cast' depends on axioms: [propext, Classical.choice, Quot.sound]
info: ECDSAAdd/Arithmetic/BalancedFieldABI.lean:180:0: 'ECDSAAdd.Arithmetic.BalancedField.centered_cast_unique' depends on axioms: [propext, Classical.choice, Quot.sound]
info: ECDSAAdd/Arithmetic/BalancedFieldABI.lean:181:0: 'ECDSAAdd.Arithmetic.BalancedField.centerFp_of_center' depends on axioms: [propext, Classical.choice, Quot.sound]
info: ECDSAAdd/Arithmetic/BalancedFieldABI.lean:182:0: 'ECDSAAdd.Arithmetic.BalancedField.centered_residue' depends on axioms: [propext, Classical.choice, Quot.sound]
info: ECDSAAdd/Arithmetic/BalancedFieldABI.lean:183:0: 'ECDSAAdd.Arithmetic.BalancedField.canonicalOfCenter_val' depends on axioms: [propext, Classical.choice, Quot.sound]
info: ECDSAAdd/Arithmetic/BalancedFieldABI.lean:184:0: 'ECDSAAdd.Arithmetic.BalancedField.canonical_center_inverse' depends on axioms: [propext, Classical.choice, Quot.sound]
info: ECDSAAdd/Arithmetic/BalancedFieldABI.lean:185:0: 'ECDSAAdd.Arithmetic.BalancedField.center_canonical_inverse' depends on axioms: [propext, Classical.choice, Quot.sound]
info: ECDSAAdd/Arithmetic/BalancedFieldABI.lean:186:0: 'ECDSAAdd.Arithmetic.BalancedField.encodeWord_bound' depends on axioms: [propext, Classical.choice, Quot.sound]
info: ECDSAAdd/Arithmetic/BalancedFieldABI.lean:187:0: 'ECDSAAdd.Arithmetic.BalancedField.encodeWord_cast' depends on axioms: [propext, Classical.choice, Quot.sound]
info: ECDSAAdd/Arithmetic/BalancedFieldABI.lean:188:0: 'ECDSAAdd.Arithmetic.BalancedField.decode_encodeWord' depends on axioms: [propext, Classical.choice, Quot.sound]
info: ECDSAAdd/Arithmetic/BalancedFieldABI.lean:189:0: 'ECDSAAdd.Arithmetic.BalancedField.encode_decodeWord' depends on axioms: [propext, Classical.choice, Quot.sound]
info: ECDSAAdd/Arithmetic/BalancedFieldABI.lean:190:0: 'ECDSAAdd.Arithmetic.BalancedField.centerWord_decode' depends on axioms: [propext, Classical.choice, Quot.sound]
info: ECDSAAdd/Arithmetic/BalancedFieldABI.lean:191:0: 'ECDSAAdd.Arithmetic.BalancedField.centerWord_valid' depends on axioms: [propext, Classical.choice, Quot.sound]
info: ECDSAAdd/Arithmetic/BalancedFieldABI.lean:192:0: 'ECDSAAdd.Arithmetic.BalancedField.validCenterWord_inverse' depends on axioms: [propext, Classical.choice, Quot.sound]
info: ECDSAAdd/Arithmetic/BalancedFieldABI.lean:193:0: 'ECDSAAdd.Arithmetic.BalancedField.validCenterWord_unique' depends on axioms: [propext, Classical.choice, Quot.sound]
info: ECDSAAdd/Arithmetic/BalancedFieldABI.lean:194:0: 'ECDSAAdd.Arithmetic.BalancedField.centerWord_sign' depends on axioms: [propext, Classical.choice, Quot.sound]
ℹ [3462/3644] Replayed ECDSAAdd.Arithmetic.BalancedFieldHalf
info: ECDSAAdd/Arithmetic/BalancedFieldHalf.lean:129:0: 'ECDSAAdd.Arithmetic.BalancedField.signedY' does not depend on any axioms
info: ECDSAAdd/Arithmetic/BalancedFieldHalf.lean:130:0: 'ECDSAAdd.Arithmetic.BalancedField.rawSum' does not depend on any axioms
info: ECDSAAdd/Arithmetic/BalancedFieldHalf.lean:131:0: 'ECDSAAdd.Arithmetic.BalancedField.originalParity' does not depend on any axioms
info: ECDSAAdd/Arithmetic/BalancedFieldHalf.lean:132:0: 'ECDSAAdd.Arithmetic.BalancedField.evenLift' depends on axioms: [propext]
info: ECDSAAdd/Arithmetic/BalancedFieldHalf.lean:133:0: 'ECDSAAdd.Arithmetic.BalancedField.halfResult' depends on axioms: [propext]
info: ECDSAAdd/Arithmetic/BalancedFieldHalf.lean:134:0: 'ECDSAAdd.Arithmetic.BalancedField.signedY_bounds' depends on axioms: [propext, Classical.choice, Quot.sound]
info: ECDSAAdd/Arithmetic/BalancedFieldHalf.lean:135:0: 'ECDSAAdd.Arithmetic.BalancedField.rawSum_bounds' depends on axioms: [propext, Classical.choice, Quot.sound]
info: ECDSAAdd/Arithmetic/BalancedFieldHalf.lean:136:0: 'ECDSAAdd.Arithmetic.BalancedField.evenLift_spec' depends on axioms: [propext, Classical.choice, Quot.sound]
info: ECDSAAdd/Arithmetic/BalancedFieldHalf.lean:137:0: 'ECDSAAdd.Arithmetic.BalancedField.halfResult_spec' depends on axioms: [propext, Classical.choice, Quot.sound]
info: ECDSAAdd/Arithmetic/BalancedFieldHalf.lean:138:0: 'ECDSAAdd.Arithmetic.BalancedField.evenLift_cast' depends on axioms: [propext, Classical.choice, Quot.sound]
info: ECDSAAdd/Arithmetic/BalancedFieldHalf.lean:139:0: 'ECDSAAdd.Arithmetic.BalancedField.halfResult_field' depends on axioms: [propext, Classical.choice, Quot.sound]
info: ECDSAAdd/Arithmetic/BalancedFieldHalf.lean:140:0: 'ECDSAAdd.Arithmetic.BalancedField.halfResult_center' depends on axioms: [propext, Classical.choice, Quot.sound]
info: ECDSAAdd/Arithmetic/BalancedFieldHalf.lean:141:0: 'ECDSAAdd.Arithmetic.BalancedField.signedHalf_contract' depends on axioms: [propext, Classical.choice, Quot.sound]
info: ECDSAAdd/Arithmetic/BalancedFieldHalf.lean:142:0: 'ECDSAAdd.Arithmetic.BalancedField.halfResult_parity_interval' depends on axioms: [propext,
 Classical.choice,
 Quot.sound]
info: ECDSAAdd/Arithmetic/BalancedFieldHalf.lean:143:0: 'ECDSAAdd.Arithmetic.BalancedField.centeredFp_signedHalf' depends on axioms: [propext, Classical.choice, Quot.sound]
info: ECDSAAdd/Arithmetic/BalancedFieldHalf.lean:145:0: 'ECDSAAdd.Arithmetic.BalancedField.originalParity_value' depends on axioms: [propext, Quot.sound]
info: ECDSAAdd/Arithmetic/BalancedFieldHalf.lean:146:0: 'ECDSAAdd.Arithmetic.BalancedField.halfResult_sign' depends on axioms: [propext, Classical.choice, Quot.sound]
ℹ [3463/3644] Replayed ECDSAAdd.Arithmetic.BalancedFieldCleanup
info: ECDSAAdd/Arithmetic/BalancedFieldCleanup.lean:104:0: 'ECDSAAdd.Arithmetic.BalancedField.negative' does not depend on any axioms
info: ECDSAAdd/Arithmetic/BalancedFieldCleanup.lean:105:0: 'ECDSAAdd.Arithmetic.BalancedField.magnitude' does not depend on any axioms
info: ECDSAAdd/Arithmetic/BalancedFieldCleanup.lean:106:0: 'ECDSAAdd.Arithmetic.BalancedField.signBit' does not depend on any axioms
info: ECDSAAdd/Arithmetic/BalancedFieldCleanup.lean:107:0: 'ECDSAAdd.Arithmetic.BalancedField.normalizedR' depends on axioms: [propext]
info: ECDSAAdd/Arithmetic/BalancedFieldCleanup.lean:108:0: 'ECDSAAdd.Arithmetic.BalancedField.viewedY' does not depend on any axioms
info: ECDSAAdd/Arithmetic/BalancedFieldCleanup.lean:109:0: 'ECDSAAdd.Arithmetic.BalancedField.insertBit' does not depend on any axioms
info: ECDSAAdd/Arithmetic/BalancedFieldCleanup.lean:110:0: 'ECDSAAdd.Arithmetic.BalancedField.comparisonLeft' depends on axioms: [propext]
info: ECDSAAdd/Arithmetic/BalancedFieldCleanup.lean:111:0: 'ECDSAAdd.Arithmetic.BalancedField.magnitude_bounds' depends on axioms: [propext, Classical.choice, Quot.sound]
info: ECDSAAdd/Arithmetic/BalancedFieldCleanup.lean:112:0: 'ECDSAAdd.Arithmetic.BalancedField.normalizedR_bounds' depends on axioms: [propext, Classical.choice, Quot.sound]
info: ECDSAAdd/Arithmetic/BalancedFieldCleanup.lean:113:0: 'ECDSAAdd.Arithmetic.BalancedField.normalizedR_lowword_decode' depends on axioms: [propext,
 Classical.choice,
 Quot.sound]
info: ECDSAAdd/Arithmetic/BalancedFieldCleanup.lean:114:0: 'ECDSAAdd.Arithmetic.BalancedField.comparison_view_bounds' depends on axioms: [propext, Classical.choice, Quot.sound]
info: ECDSAAdd/Arithmetic/BalancedFieldCleanup.lean:115:0: 'ECDSAAdd.Arithmetic.BalancedField.cleanup_interval_identity' depends on axioms: [propext, Classical.choice, Quot.sound]
info: ECDSAAdd/Arithmetic/BalancedFieldCleanup.lean:116:0: 'ECDSAAdd.Arithmetic.BalancedField.cleanup_originalParity' depends on axioms: [propext, Classical.choice, Quot.sound]
info: ECDSAAdd/Arithmetic/BalancedFieldCleanup.lean:117:0: 'ECDSAAdd.Arithmetic.BalancedField.normalizedR_lowword_arithmetic' depends on axioms: [propext,
 Classical.choice,
 Quot.sound]
info: ECDSAAdd/Arithmetic/BalancedFieldCleanup.lean:118:0: 'ECDSAAdd.Arithmetic.BalancedField.comparison_words_decode' depends on axioms: [propext, Classical.choice, Quot.sound]
ℹ [3464/3644] Replayed ECDSAAdd.Arithmetic.BalancedCleanupCircuitProgram
info: ECDSAAdd/Arithmetic/BalancedCleanupCircuitProgram.lean:81:0: 'ECDSAAdd.Arithmetic.BalancedCleanup.counts' depends on axioms: [propext, Classical.choice, Quot.sound]
info: ECDSAAdd/Arithmetic/BalancedCleanupCircuitProgram.lean:164:0: 'ECDSAAdd.Arithmetic.BalancedCleanup.prepareCompare_proper' depends on axioms: [propext, Quot.sound]
ℹ [3465/3644] Replayed ECDSAAdd.Arithmetic.BalancedFieldCircuitProgram
info: ECDSAAdd/Arithmetic/BalancedFieldCircuitProgram.lean:89:0: 'ECDSAAdd.Arithmetic.BalancedCircuit.counts' depends on axioms: [propext, Classical.choice, Quot.sound]
ℹ [3466/3644] Replayed ECDSAAdd.Arithmetic.BalancedFieldSupport
info: ECDSAAdd/Arithmetic/BalancedFieldSupport.lean:171:0: 'ECDSAAdd.Arithmetic.BalancedCleanup.support' depends on axioms: [propext, Classical.choice, Quot.sound]
info: ECDSAAdd/Arithmetic/BalancedFieldSupport.lean:172:0: 'ECDSAAdd.Arithmetic.BalancedCircuit.support' depends on axioms: [propext, Classical.choice, Quot.sound]
info: ECDSAAdd/Arithmetic/BalancedFieldSupport.lean:173:0: 'ECDSAAdd.Arithmetic.BalancedCircuit.qubitBound' depends on axioms: [propext, Classical.choice, Quot.sound]
ℹ [3467/3644] Replayed ECDSAAdd.Arithmetic.BalancedRawCircuitProof
info: ECDSAAdd/Arithmetic/BalancedRawCircuitProof.lean:59:0: 'ECDSAAdd.Arithmetic.BalancedCircuit.rawAdd_signed' depends on axioms: [propext, Classical.choice, Quot.sound]
info: ECDSAAdd/Arithmetic/BalancedRawCircuitProof.lean:61:0: 'ECDSAAdd.Arithmetic.BalancedCircuit.rawAdd_frame' depends on axioms: [propext, Classical.choice, Quot.sound]
ℹ [3469/3644] Replayed ECDSAAdd.Arithmetic.BalancedSharedPorts
info: ECDSAAdd/Arithmetic/BalancedSharedPorts.lean:110:0: 'ECDSAAdd.Arithmetic.balancedSharedPorts_nodup' depends on axioms: [propext, Classical.choice, Quot.sound]
info: ECDSAAdd/Arithmetic/BalancedSharedPorts.lean:111:0: 'ECDSAAdd.Arithmetic.balancedSharedPorts_r' depends on axioms: [propext]
info: ECDSAAdd/Arithmetic/BalancedSharedPorts.lean:112:0: 'ECDSAAdd.Arithmetic.balancedSharedPorts_y' depends on axioms: [propext]
info: ECDSAAdd/Arithmetic/BalancedSharedPorts.lean:113:0: 'ECDSAAdd.Arithmetic.balancedSharedPorts_clean' depends on axioms: [propext, Classical.choice, Quot.sound]
ℹ [3470/3644] Replayed ECDSAAdd.Arithmetic.BalancedCoreFlagsProof
info: ECDSAAdd/Arithmetic/BalancedCoreFlagsProof.lean:123:0: 'ECDSAAdd.Arithmetic.BalancedCircuit.releaseSelectors_run' depends on axioms: [propext, Classical.choice, Quot.sound]
ℹ [3472/3644] Replayed ECDSAAdd.Arithmetic.BalancedFoldMath
info: ECDSAAdd/Arithmetic/BalancedFoldMath.lean:205:0: 'ECDSAAdd.Arithmetic.BalancedFold.virtualSource_value' depends on axioms: [propext]
info: ECDSAAdd/Arithmetic/BalancedFoldMath.lean:206:0: 'ECDSAAdd.Arithmetic.BalancedFold.foldBits_value' depends on axioms: [propext]
info: ECDSAAdd/Arithmetic/BalancedFoldMath.lean:207:0: 'ECDSAAdd.Arithmetic.BalancedFold.encode_shift' depends on axioms: [propext, Classical.choice, Quot.sound]
info: ECDSAAdd/Arithmetic/BalancedFoldMath.lean:208:0: 'ECDSAAdd.Arithmetic.BalancedFold.controllers_exclusive' does not depend on any axioms
info: ECDSAAdd/Arithmetic/BalancedFoldMath.lean:209:0: 'ECDSAAdd.Arithmetic.BalancedFold.raw_sign' depends on axioms: [propext, Classical.choice, Quot.sound]
info: ECDSAAdd/Arithmetic/BalancedFoldMath.lean:210:0: 'ECDSAAdd.Arithmetic.BalancedFold.toggled_parity' depends on axioms: [propext, Classical.choice, Quot.sound]
info: ECDSAAdd/Arithmetic/BalancedFoldMath.lean:211:0: 'ECDSAAdd.Arithmetic.BalancedFold.cleared_low_word' depends on axioms: [propext, Classical.choice, Quot.sound]
info: ECDSAAdd/Arithmetic/BalancedFoldMath.lean:212:0: 'ECDSAAdd.Arithmetic.BalancedFold.foldedSum_value' depends on axioms: [propext, Classical.choice, Quot.sound]
info: ECDSAAdd/Arithmetic/BalancedFoldMath.lean:213:0: 'ECDSAAdd.Arithmetic.BalancedFold.foldedSum_low' depends on axioms: [propext, Classical.choice, Quot.sound]
info: ECDSAAdd/Arithmetic/BalancedFoldMath.lean:214:0: 'ECDSAAdd.Arithmetic.BalancedFold.foldedSum_cout' depends on axioms: [propext, Classical.choice, Quot.sound]
info: ECDSAAdd/Arithmetic/BalancedFoldMath.lean:215:0: 'ECDSAAdd.Arithmetic.BalancedFold.foldedSum_bound' depends on axioms: [propext, Classical.choice, Quot.sound]
ℹ [3473/3644] Replayed ECDSAAdd.Arithmetic.BalancedFoldMathViews
info: ECDSAAdd/Arithmetic/BalancedFoldMathViews.lean:67:0: 'ECDSAAdd.Arithmetic.BalancedFold.foldBits_sources' depends on axioms: [propext, Quot.sound]
info: ECDSAAdd/Arithmetic/BalancedFoldMathViews.lean:68:0: 'ECDSAAdd.Arithmetic.BalancedFold.toggle_top_value' depends on axioms: [propext, Classical.choice, Quot.sound]
info: ECDSAAdd/Arithmetic/BalancedFoldMathViews.lean:69:0: 'ECDSAAdd.Arithmetic.BalancedFold.toggledWord_bound' depends on axioms: [propext, Classical.choice, Quot.sound]
info: ECDSAAdd/Arithmetic/BalancedFoldMathViews.lean:70:0: 'ECDSAAdd.Arithmetic.BalancedFold.parity_clear_value' depends on axioms: [propext, Classical.choice, Quot.sound]
info: ECDSAAdd/Arithmetic/BalancedFoldMathViews.lean:71:0: 'ECDSAAdd.Arithmetic.BalancedFold.prepared_upper_bound' depends on axioms: [propext, Classical.choice, Quot.sound]
ℹ [3474/3644] Replayed ECDSAAdd.Arithmetic.BalancedCoreFoldProof
info: ECDSAAdd/Arithmetic/BalancedCoreFoldProof.lean:142:0: 'ECDSAAdd.Arithmetic.BalancedCircuit.fold_correct' depends on axioms: [propext, Classical.choice, Quot.sound]
info: ECDSAAdd/Arithmetic/BalancedCoreFoldProof.lean:143:0: 'ECDSAAdd.Arithmetic.BalancedCircuit.rotate_folded' depends on axioms: [propext, Classical.choice, Quot.sound]
ℹ [3475/3644] Replayed ECDSAAdd.Arithmetic.BalancedCleanupCircuitViews
info: ECDSAAdd/Arithmetic/BalancedCleanupCircuitViews.lean:258:0: 'ECDSAAdd.Arithmetic.BalancedCleanup.complement_encoded' depends on axioms: [propext, Classical.choice, Quot.sound]
info: ECDSAAdd/Arithmetic/BalancedCleanupCircuitViews.lean:259:0: 'ECDSAAdd.Arithmetic.BalancedCleanup.doubled_encoded' depends on axioms: [propext, Classical.choice, Quot.sound]
info: ECDSAAdd/Arithmetic/BalancedCleanupCircuitViews.lean:260:0: 'ECDSAAdd.Arithmetic.BalancedCleanup.encoded_nonnegative' depends on axioms: [propext]
info: ECDSAAdd/Arithmetic/BalancedCleanupCircuitViews.lean:261:0: 'ECDSAAdd.Arithmetic.BalancedCleanup.magnitude_encoded' depends on axioms: [propext, Classical.choice, Quot.sound]
info: ECDSAAdd/Arithmetic/BalancedCleanupCircuitViews.lean:262:0: 'ECDSAAdd.Arithmetic.BalancedCleanup.result_msb' depends on axioms: [propext, Classical.choice, Quot.sound]
info: ECDSAAdd/Arithmetic/BalancedCleanupCircuitViews.lean:263:0: 'ECDSAAdd.Arithmetic.BalancedCleanup.negativeLiteral_value' depends on axioms: [propext, Classical.choice, Quot.sound]
info: ECDSAAdd/Arithmetic/BalancedCleanupCircuitViews.lean:264:0: 'ECDSAAdd.Arithmetic.BalancedCleanup.prepareSign_value' depends on axioms: [propext, Classical.choice, Quot.sound]
info: ECDSAAdd/Arithmetic/BalancedCleanupCircuitViews.lean:265:0: 'ECDSAAdd.Arithmetic.BalancedCleanup.normalize_value' depends on axioms: [propext, Classical.choice, Quot.sound]
info: ECDSAAdd/Arithmetic/BalancedCleanupCircuitViews.lean:266:0: 'ECDSAAdd.Arithmetic.BalancedCleanup.bias_value' depends on axioms: [propext, Classical.choice, Quot.sound]
info: ECDSAAdd/Arithmetic/BalancedCleanupCircuitViews.lean:267:0: 'ECDSAAdd.Arithmetic.BalancedCleanup.prepareCompare_value' depends on axioms: [propext, Classical.choice, Quot.sound]
ℹ [3476/3644] Replayed ECDSAAdd.Arithmetic.BalancedCoreCircuitProof
info: ECDSAAdd/Arithmetic/BalancedCoreCircuitProof.lean:80:0: 'ECDSAAdd.Arithmetic.BalancedCircuit.prepare_upper' depends on axioms: [propext, Classical.choice, Quot.sound]
ℹ [3477/3644] Replayed ECDSAAdd.Arithmetic.BalancedCoreComposeViews
info: ECDSAAdd/Arithmetic/BalancedCoreComposeViews.lean:153:0: 'ECDSAAdd.Arithmetic.BalancedCircuit.compose_prepare_bits' depends on axioms: [propext, Quot.sound]
ℹ [3478/3644] Replayed ECDSAAdd.Arithmetic.BalancedCoreComposeProof
info: ECDSAAdd/Arithmetic/BalancedCoreComposeProof.lean:188:0: 'ECDSAAdd.Arithmetic.BalancedCircuit.core_correct' depends on axioms: [propext, Classical.choice, Quot.sound]
ℹ [3479/3644] Replayed ECDSAAdd.Arithmetic.BalancedCleanupCircuitProof
info: ECDSAAdd/Arithmetic/BalancedCleanupCircuitProof.lean:255:0: 'ECDSAAdd.Arithmetic.BalancedCleanup.correct' depends on axioms: [propext, Classical.choice, Quot.sound]
info: ECDSAAdd/Arithmetic/BalancedCleanupCircuitProof.lean:257:0: 'ECDSAAdd.Arithmetic.BalancedCleanup.Except' does not depend on any axioms
info: ECDSAAdd/Arithmetic/BalancedCleanupCircuitProof.lean:258:0: 'ECDSAAdd.Arithmetic.BalancedCleanup.inverse_except' depends on axioms: [propext, Classical.choice, Quot.sound]
info: ECDSAAdd/Arithmetic/BalancedCleanupCircuitProof.lean:259:0: 'ECDSAAdd.Arithmetic.BalancedCleanup.clifford_parity_away' depends on axioms: [propext, Classical.choice, Quot.sound]
info: ECDSAAdd/Arithmetic/BalancedCleanupCircuitProof.lean:260:0: 'ECDSAAdd.Arithmetic.BalancedCleanup.unnormalize_correct' depends on axioms: [propext, Classical.choice, Quot.sound]
info: ECDSAAdd/Arithmetic/BalancedCleanupCircuitProof.lean:261:0: 'ECDSAAdd.Arithmetic.BalancedCleanup.literals_sum' depends on axioms: [propext, Classical.choice, Quot.sound]
info: ECDSAAdd/Arithmetic/BalancedCleanupCircuitProof.lean:262:0: 'ECDSAAdd.Arithmetic.BalancedCleanup.states' depends on axioms: [propext, Classical.choice, Quot.sound]
ℹ [3480/3644] Replayed ECDSAAdd.Arithmetic.BalancedFieldCircuitProof
info: ECDSAAdd/Arithmetic/BalancedFieldCircuitProof.lean:107:0: 'ECDSAAdd.Arithmetic.BalancedCircuit.program_correct' depends on axioms: [propext, Classical.choice, Quot.sound]
ℹ [3481/3644] Replayed ECDSAAdd.Arithmetic.BalancedTranscriptCell
info: ECDSAAdd/Arithmetic/BalancedTranscriptCell.lean:166:0: 'ECDSAAdd.Arithmetic.balancedTranscriptHalf_frame' depends on axioms: [propext, Classical.choice, Quot.sound]
info: ECDSAAdd/Arithmetic/BalancedTranscriptCell.lean:167:0: 'ECDSAAdd.Arithmetic.balancedTranscriptBody_frame' depends on axioms: [propext, Classical.choice, Quot.sound]
ℹ [3482/3644] Replayed ECDSAAdd.Arithmetic.BalancedTranscriptReplay
info: ECDSAAdd/Arithmetic/BalancedTranscriptReplay.lean:141:0: 'ECDSAAdd.Arithmetic.balancedTranscriptCell_frame' depends on axioms: [propext, Classical.choice, Quot.sound]
info: ECDSAAdd/Arithmetic/BalancedTranscriptReplay.lean:142:0: 'ECDSAAdd.Arithmetic.balancedTranscriptReplay_frame' depends on axioms: [propext, Classical.choice, Quot.sound]
info: ECDSAAdd/Arithmetic/BalancedTranscriptReplay.lean:143:0: 'ECDSAAdd.Arithmetic.balancedTranscriptReplay_counts' depends on axioms: [propext, Classical.choice, Quot.sound]
ℹ [3484/3644] Replayed ECDSAAdd.Arithmetic.BalancedFieldConvertProgram
info: ECDSAAdd/Arithmetic/BalancedFieldConvertProgram.lean:70:0: 'ECDSAAdd.Arithmetic.BalancedConvert.counts' depends on axioms: [propext, Classical.choice, Quot.sound]
ℹ [3485/3644] Replayed ECDSAAdd.Arithmetic.BalancedFieldConvertMath
info: ECDSAAdd/Arithmetic/BalancedFieldConvertMath.lean:188:0: 'ECDSAAdd.Arithmetic.BalancedConvert.centerWord_value' depends on axioms: [propext, Classical.choice, Quot.sound]
ℹ [3486/3644] Replayed ECDSAAdd.Arithmetic.BalancedFieldConvertProof
info: ECDSAAdd/Arithmetic/BalancedFieldConvertProof.lean:204:0: 'ECDSAAdd.Arithmetic.BalancedConvert.predicate_run' depends on axioms: [propext, Classical.choice, Quot.sound]
info: ECDSAAdd/Arithmetic/BalancedFieldConvertProof.lean:205:0: 'ECDSAAdd.Arithmetic.BalancedConvert.center_correct' depends on axioms: [propext, Classical.choice, Quot.sound]
info: ECDSAAdd/Arithmetic/BalancedFieldConvertProof.lean:206:0: 'ECDSAAdd.Arithmetic.BalancedConvert.canonical_correct' depends on axioms: [propext, Classical.choice, Quot.sound]
ℹ [3487/3644] Replayed ECDSAAdd.Arithmetic.BalancedTranscriptBoundary
info: ECDSAAdd/Arithmetic/BalancedTranscriptBoundary.lean:133:0: 'ECDSAAdd.Arithmetic.balancedTranscriptCanonicalReplay_frame' depends on axioms: [propext, Classical.choice, Quot.sound]
info: ECDSAAdd/Arithmetic/BalancedTranscriptBoundary.lean:134:0: 'ECDSAAdd.Arithmetic.balancedTranscriptCanonicalReplay_counts' depends on axioms: [propext,
 Classical.choice,
 Quot.sound]
ℹ [3488/3644] Replayed ECDSAAdd.Arithmetic.BalancedSharedLayoutBoundary
info: ECDSAAdd/Arithmetic/BalancedSharedLayoutBoundary.lean:166:0: 'ECDSAAdd.Arithmetic.balancedSharedBoundary' depends on axioms: [propext, Classical.choice, Quot.sound]
info: ECDSAAdd/Arithmetic/BalancedSharedLayoutBoundary.lean:167:0: 'ECDSAAdd.Arithmetic.balancedSharedBoundary_clean' depends on axioms: [propext, Classical.choice, Quot.sound]
ℹ [3489/3644] Replayed ECDSAAdd.Arithmetic.BalancedSharedLayoutTranscript
info: ECDSAAdd/Arithmetic/BalancedSharedLayoutTranscript.lean:114:0: 'ECDSAAdd.Arithmetic.balancedSharedTranscriptLayout' depends on axioms: [propext, Classical.choice, Quot.sound]
info: ECDSAAdd/Arithmetic/BalancedSharedLayoutTranscript.lean:115:0: 'ECDSAAdd.Arithmetic.balancedSharedTranscriptReplayLayout' depends on axioms: [propext, Classical.choice, Quot.sound]
ℹ [3490/3644] Replayed ECDSAAdd.Arithmetic.BalancedTranscriptTape
info: ECDSAAdd/Arithmetic/BalancedTranscriptTape.lean:38:0: 'ECDSAAdd.Arithmetic.balancedTranscriptTapeReplay_quotient' depends on axioms: [propext, Classical.choice, Quot.sound]
info: ECDSAAdd/Arithmetic/BalancedTranscriptTape.lean:39:0: 'ECDSAAdd.Arithmetic.balancedTranscriptTapeReplay_counts' depends on axioms: [propext, Classical.choice, Quot.sound]
ℹ [3491/3644] Replayed ECDSAAdd.Arithmetic.BalancedSharedLayoutReplay
info: ECDSAAdd/Arithmetic/BalancedSharedLayoutReplay.lean:79:0: 'ECDSAAdd.Arithmetic.balancedSharedCanonicalReplay_frame' depends on axioms: [propext, Classical.choice, Quot.sound]
info: ECDSAAdd/Arithmetic/BalancedSharedLayoutReplay.lean:80:0: 'ECDSAAdd.Arithmetic.balancedSharedCanonicalTapeReplay_quotient' depends on axioms: [propext,
 Classical.choice,
 Quot.sound]
info: ECDSAAdd/Arithmetic/BalancedSharedLayoutReplay.lean:81:0: 'ECDSAAdd.Arithmetic.balancedSharedCanonicalTapeReplay_counts' depends on axioms: [propext,
 Classical.choice,
 Quot.sound]
ℹ [3492/3644] Replayed ECDSAAdd.Arithmetic.BalancedSharedEmission
info: ECDSAAdd/Arithmetic/BalancedSharedEmission.lean:34:0: 'ECDSAAdd.Arithmetic.balancedSharedReplayProgram_eq' depends on axioms: [propext, Classical.choice, Quot.sound]
info: ECDSAAdd/Arithmetic/BalancedSharedEmission.lean:35:0: 'ECDSAAdd.Arithmetic.balancedSharedReplayProgram_counts' depends on axioms: [propext, Classical.choice, Quot.sound]
ℹ [3493/3644] Replayed ECDSAAdd.Arithmetic.BalancedSharedFraming
info: ECDSAAdd/Arithmetic/BalancedSharedFraming.lean:59:0: 'ECDSAAdd.Arithmetic.balancedPair_narrow' depends on axioms: [propext, Quot.sound]
info: ECDSAAdd/Arithmetic/BalancedSharedFraming.lean:60:0: 'ECDSAAdd.Arithmetic.balancedPair_widen' depends on axioms: [propext]
ℹ [3494/3644] Replayed ECDSAAdd.Arithmetic.MixedTranscriptDivision
info: ECDSAAdd/Arithmetic/MixedTranscriptDivision.lean:106:0: 'ECDSAAdd.Arithmetic.mixedTranscriptFieldDivision_spec' depends on axioms: [propext, Classical.choice, Quot.sound]
info: ECDSAAdd/Arithmetic/MixedTranscriptDivision.lean:107:0: 'ECDSAAdd.Arithmetic.mixedTranscriptFieldDivision_counts' depends on axioms: [propext, Classical.choice, Quot.sound]
info: ECDSAAdd/Arithmetic/MixedTranscriptDivision.lean:109:0: 'ECDSAAdd.Arithmetic.mixedTranscriptFieldDivision' depends on axioms: [propext]
ℹ [3495/3644] Replayed ECDSAAdd.Arithmetic.BalancedSharedDivisionPrimitives
info: ECDSAAdd/Arithmetic/BalancedSharedDivisionPrimitives.lean:54:0: 'ECDSAAdd.Arithmetic.balancedSharedDivision_double_frame' depends on axioms: [propext, Classical.choice, Quot.sound]
ℹ [3496/3644] Replayed ECDSAAdd.Arithmetic.BalancedSharedDivisionBridge
info: ECDSAAdd/Arithmetic/BalancedSharedDivisionBridge.lean:101:0: 'ECDSAAdd.Arithmetic.balancedSharedDivision_replay_frame' depends on axioms: [propext, Classical.choice, Quot.sound]
ℹ [3497/3644] Replayed ECDSAAdd.Arithmetic.BorrowedSkywalkUnaryLayout
info: ECDSAAdd/Arithmetic/BorrowedSkywalkUnaryLayout.lean:109:0: 'ECDSAAdd.Arithmetic.borrowedSkywalkUnary_jointND' depends on axioms: [propext, Classical.choice, Quot.sound]
info: ECDSAAdd/Arithmetic/BorrowedSkywalkUnaryLayout.lean:110:0: 'ECDSAAdd.Arithmetic.borrowedSkywalkUnary_workAway' depends on axioms: [propext, Classical.choice, Quot.sound]
ℹ [3498/3644] Replayed ECDSAAdd.Arithmetic.BorrowedSkywalkUnaryClean
info: ECDSAAdd/Arithmetic/BorrowedSkywalkUnaryClean.lean:59:0: 'ECDSAAdd.Arithmetic.borrowedSkywalkUnary_work_subset' depends on axioms: [propext, Classical.choice, Quot.sound]
info: ECDSAAdd/Arithmetic/BorrowedSkywalkUnaryClean.lean:60:0: 'ECDSAAdd.Arithmetic.borrowedSkywalkUnary_clean_frame' depends on axioms: [propext, Classical.choice, Quot.sound]
ℹ [3499/3644] Replayed ECDSAAdd.Arithmetic.BorrowedSkywalkUnaryFrames
info: ECDSAAdd/Arithmetic/BorrowedSkywalkUnaryFrames.lean:111:0: 'ECDSAAdd.Arithmetic.borrowedSkywalkUnary_double_frame' depends on axioms: [propext, Classical.choice, Quot.sound]
info: ECDSAAdd/Arithmetic/BorrowedSkywalkUnaryFrames.lean:112:0: 'ECDSAAdd.Arithmetic.borrowedSkywalkUnary_half_frame' depends on axioms: [propext, Classical.choice, Quot.sound]
ℹ [3500/3644] Replayed ECDSAAdd.Arithmetic.BalancedSharedDivision
info: ECDSAAdd/Arithmetic/BalancedSharedDivision.lean:60:0: 'ECDSAAdd.Arithmetic.balancedSharedFieldDivision_spec' depends on axioms: [propext, Classical.choice, Quot.sound]
info: ECDSAAdd/Arithmetic/BalancedSharedDivision.lean:61:0: 'ECDSAAdd.Arithmetic.balancedSharedFieldDivision_counts' depends on axioms: [propext, Classical.choice, Quot.sound]
info: ECDSAAdd/Arithmetic/BalancedSharedDivision.lean:62:0: 'ECDSAAdd.Arithmetic.balancedSharedFieldDivision' depends on axioms: [propext]
ℹ [3501/3644] Replayed ECDSAAdd.Arithmetic.BalancedFieldInverseProgram
info: ECDSAAdd/Arithmetic/BalancedFieldInverseProgram.lean:64:0: 'ECDSAAdd.Arithmetic.BalancedInverse.counts' depends on axioms: [propext, Classical.choice, Quot.sound]
ℹ [3502/3644] Replayed ECDSAAdd.Arithmetic.BalancedFieldInverseParity
info: ECDSAAdd/Arithmetic/BalancedFieldInverseParity.lean:148:0: 'ECDSAAdd.Arithmetic.BalancedCleanupXor.xor_states' depends on axioms: [propext, Classical.choice, Quot.sound]
info: ECDSAAdd/Arithmetic/BalancedFieldInverseParity.lean:149:0: 'ECDSAAdd.Arithmetic.BalancedCleanupXor.xor_correct' depends on axioms: [propext, Classical.choice, Quot.sound]
info: ECDSAAdd/Arithmetic/BalancedFieldInverseParity.lean:171:0: 'ECDSAAdd.Arithmetic.BalancedInverse.recoverParity_correct' depends on axioms: [propext, Classical.choice, Quot.sound]
ℹ [3503/3644] Replayed ECDSAAdd.Arithmetic.BalancedFieldInverseArithmetic
info: ECDSAAdd/Arithmetic/BalancedFieldInverseArithmetic.lean:123:0: 'ECDSAAdd.Arithmetic.BalancedInverse.mappedSub_any_correct' depends on axioms: [propext, Classical.choice, Quot.sound]
info: ECDSAAdd/Arithmetic/BalancedFieldInverseArithmetic.lean:124:0: 'ECDSAAdd.Arithmetic.BalancedInverse.subInPlace_any_correct' depends on axioms: [propext, Classical.choice, Quot.sound]
info: ECDSAAdd/Arithmetic/BalancedFieldInverseArithmetic.lean:125:0: 'ECDSAAdd.Arithmetic.BalancedInverse.result_half' depends on axioms: [propext, Classical.choice, Quot.sound]
ℹ [3504/3644] Replayed ECDSAAdd.Arithmetic.BalancedInverseComposeFlags
info: ECDSAAdd/Arithmetic/BalancedInverseComposeFlags.lean:109:0: 'ECDSAAdd.Arithmetic.BalancedInverse.recoverSelectors_run' depends on axioms: [propext, Quot.sound]
info: ECDSAAdd/Arithmetic/BalancedInverseComposeFlags.lean:110:0: 'ECDSAAdd.Arithmetic.BalancedInverse.undoPreparation_run' depends on axioms: [propext, Classical.choice, Quot.sound]
info: ECDSAAdd/Arithmetic/BalancedInverseComposeFlags.lean:111:0: 'ECDSAAdd.Arithmetic.BalancedInverse.result_parity' depends on axioms: [propext, Classical.choice, Quot.sound]
info: ECDSAAdd/Arithmetic/BalancedInverseComposeFlags.lean:112:0: 'ECDSAAdd.Arithmetic.BalancedInverse.result_sign' depends on axioms: [propext, Classical.choice, Quot.sound]
ℹ [3505/3644] Replayed ECDSAAdd.Arithmetic.BalancedInverseComposeFold
info: ECDSAAdd/Arithmetic/BalancedInverseComposeFold.lean:153:0: 'ECDSAAdd.Arithmetic.BalancedInverse.rotate_unfold' depends on axioms: [propext, Classical.choice, Quot.sound]
info: ECDSAAdd/Arithmetic/BalancedInverseComposeFold.lean:154:0: 'ECDSAAdd.Arithmetic.BalancedInverse.undoFold_correct' depends on axioms: [propext, Classical.choice, Quot.sound]
ℹ [3506/3644] Replayed ECDSAAdd.Arithmetic.BalancedInverseComposeRaw
info: ECDSAAdd/Arithmetic/BalancedInverseComposeRaw.lean:130:0: 'ECDSAAdd.Arithmetic.BalancedInverse.rawSubtract_modular' depends on axioms: [propext, Classical.choice, Quot.sound]
info: ECDSAAdd/Arithmetic/BalancedInverseComposeRaw.lean:131:0: 'ECDSAAdd.Arithmetic.BalancedInverse.rawSubtract_signed' depends on axioms: [propext, Classical.choice, Quot.sound]
ℹ [3507/3644] Replayed ECDSAAdd.Arithmetic.BalancedInverseComposeWord
info: ECDSAAdd/Arithmetic/BalancedInverseComposeWord.lean:155:0: 'ECDSAAdd.Arithmetic.BalancedInverse.prepared_one' depends on axioms: [propext, Classical.choice, Quot.sound]
info: ECDSAAdd/Arithmetic/BalancedInverseComposeWord.lean:156:0: 'ECDSAAdd.Arithmetic.BalancedInverse.undoPreparation_word' depends on axioms: [propext, Classical.choice, Quot.sound]
ℹ [3508/3644] Replayed ECDSAAdd.Arithmetic.BalancedInverseComposeSeed
info: ECDSAAdd/Arithmetic/BalancedInverseComposeSeed.lean:94:0: 'ECDSAAdd.Arithmetic.BalancedInverse.unseed_run' depends on axioms: [propext, Classical.choice, Quot.sound]
ℹ [3509/3644] Replayed ECDSAAdd.Arithmetic.BalancedInverseComposePackets
info: ECDSAAdd/Arithmetic/BalancedInverseComposePackets.lean:112:0: 'ECDSAAdd.Arithmetic.BalancedInverse.recoverSelectors_raw' depends on axioms: [propext, Classical.choice, Quot.sound]
info: ECDSAAdd/Arithmetic/BalancedInverseComposePackets.lean:113:0: 'ECDSAAdd.Arithmetic.BalancedInverse.undoPreparation_packet' depends on axioms: [propext, Classical.choice, Quot.sound]
info: ECDSAAdd/Arithmetic/BalancedInverseComposePackets.lean:114:0: 'ECDSAAdd.Arithmetic.BalancedInverse.unseed_packet' depends on axioms: [propext, Classical.choice, Quot.sound]
ℹ [3510/3644] Replayed ECDSAAdd.Arithmetic.BalancedInverseComposeProof
info: ECDSAAdd/Arithmetic/BalancedInverseComposeProof.lean:287:0: 'ECDSAAdd.Arithmetic.BalancedInverse.program_correct' depends on axioms: [propext, Classical.choice, Quot.sound]
ℹ [3511/3644] Replayed ECDSAAdd.Arithmetic.BalancedInverseTranscriptCell
info: ECDSAAdd/Arithmetic/BalancedInverseTranscriptCell.lean:168:0: 'ECDSAAdd.Arithmetic.balancedTranscriptDouble_frame' depends on axioms: [propext, Classical.choice, Quot.sound]
info: ECDSAAdd/Arithmetic/BalancedInverseTranscriptCell.lean:169:0: 'ECDSAAdd.Arithmetic.balancedInverseTranscriptBody_frame' depends on axioms: [propext, Classical.choice, Quot.sound]
ℹ [3512/3644] Replayed ECDSAAdd.Arithmetic.BalancedInverseTranscriptReplay
info: ECDSAAdd/Arithmetic/BalancedInverseTranscriptReplay.lean:141:0: 'ECDSAAdd.Arithmetic.balancedInverseTranscriptCell_frame' depends on axioms: [propext, Classical.choice, Quot.sound]
info: ECDSAAdd/Arithmetic/BalancedInverseTranscriptReplay.lean:142:0: 'ECDSAAdd.Arithmetic.balancedInverseTranscriptReplay_frame' depends on axioms: [propext, Classical.choice, Quot.sound]
info: ECDSAAdd/Arithmetic/BalancedInverseTranscriptReplay.lean:143:0: 'ECDSAAdd.Arithmetic.balancedInverseTranscriptReplay_counts' depends on axioms: [propext, Classical.choice, Quot.sound]
ℹ [3513/3644] Replayed ECDSAAdd.Arithmetic.BalancedInverseTranscriptBoundary
info: ECDSAAdd/Arithmetic/BalancedInverseTranscriptBoundary.lean:45:0: 'ECDSAAdd.Arithmetic.balancedInverseTranscriptCanonicalReplay_frame' depends on axioms: [propext,
 Classical.choice,
 Quot.sound]
info: ECDSAAdd/Arithmetic/BalancedInverseTranscriptBoundary.lean:46:0: 'ECDSAAdd.Arithmetic.balancedInverseTranscriptCanonicalReplay_counts' depends on axioms: [propext,
 Classical.choice,
 Quot.sound]
ℹ [3514/3644] Replayed ECDSAAdd.Arithmetic.BalancedInverseSharedReplay
info: ECDSAAdd/Arithmetic/BalancedInverseSharedReplay.lean:78:0: 'ECDSAAdd.Arithmetic.balancedInverseSharedCanonicalReplay_frame' depends on axioms: [propext,
 Classical.choice,
 Quot.sound]
info: ECDSAAdd/Arithmetic/BalancedInverseSharedReplay.lean:79:0: 'ECDSAAdd.Arithmetic.balancedInverseSharedCanonicalTapeReplay_product' depends on axioms: [propext,
 Classical.choice,
 Quot.sound]
info: ECDSAAdd/Arithmetic/BalancedInverseSharedReplay.lean:80:0: 'ECDSAAdd.Arithmetic.balancedInverseSharedCanonicalTapeReplay_counts' depends on axioms: [propext,
 Classical.choice,
 Quot.sound]
ℹ [3515/3644] Replayed ECDSAAdd.Arithmetic.BalancedInverseSharedMultiplicationReplay
info: ECDSAAdd/Arithmetic/BalancedInverseSharedMultiplicationReplay.lean:100:0: 'ECDSAAdd.Arithmetic.balancedInverseSharedReplayProgram_eq' depends on axioms: [propext, Classical.choice, Quot.sound]
info: ECDSAAdd/Arithmetic/BalancedInverseSharedMultiplicationReplay.lean:101:0: 'ECDSAAdd.Arithmetic.balancedInverseSharedReplayProgram_counts' depends on axioms: [propext,
 Classical.choice,
 Quot.sound]
info: ECDSAAdd/Arithmetic/BalancedInverseSharedMultiplicationReplay.lean:102:0: 'ECDSAAdd.Arithmetic.balancedInverseSharedMultiplication_replay_frame' depends on axioms: [propext,
 Classical.choice,
 Quot.sound]
ℹ [3516/3644] Replayed ECDSAAdd.Arithmetic.BalancedInverseSharedMultiplication
info: ECDSAAdd/Arithmetic/BalancedInverseSharedMultiplication.lean:64:0: 'ECDSAAdd.Arithmetic.balancedInverseSharedFieldMultiplication_spec' depends on axioms: [propext,
 Classical.choice,
 Quot.sound]
info: ECDSAAdd/Arithmetic/BalancedInverseSharedMultiplication.lean:65:0: 'ECDSAAdd.Arithmetic.balancedInverseSharedFieldMultiplication_counts' depends on axioms: [propext,
 Classical.choice,
 Quot.sound]
info: ECDSAAdd/Arithmetic/BalancedInverseSharedMultiplication.lean:67:0: 'ECDSAAdd.Arithmetic.balancedInverseSharedFieldMultiplication' depends on axioms: [propext]
ℹ [3518/3644] Replayed ECDSAAdd.Arithmetic.CompactSkywalkCallerInteger
info: ECDSAAdd/Arithmetic/CompactSkywalkCallerInteger.lean:103:0: 'ECDSAAdd.Arithmetic.compactSkywalkCaller_forward_eq' depends on axioms: [propext, Classical.choice, Quot.sound]
info: ECDSAAdd/Arithmetic/CompactSkywalkCallerInteger.lean:104:0: 'ECDSAAdd.Arithmetic.compactSkywalkCaller_reverse_eq' depends on axioms: [propext, Classical.choice, Quot.sound]
ℹ [3519/3644] Replayed ECDSAAdd.Arithmetic.BalancedCleanupOffsetProgram
info: ECDSAAdd/Arithmetic/BalancedCleanupOffsetProgram.lean:107:0: 'ECDSAAdd.Arithmetic.BalancedCleanupOffset.counts' depends on axioms: [propext, Classical.choice, Quot.sound]
ℹ [3520/3644] Replayed ECDSAAdd.Arithmetic.BalancedCleanupOffsetLayout
info: ECDSAAdd/Arithmetic/BalancedCleanupOffsetLayout.lean:91:0: 'ECDSAAdd.Arithmetic.BalancedCleanupOffset.Layout.chainND' depends on axioms: [propext, Quot.sound]
info: ECDSAAdd/Arithmetic/BalancedCleanupOffsetLayout.lean:92:0: 'ECDSAAdd.Arithmetic.BalancedCleanupOffset.offsetSources_away' depends on axioms: [propext,
 Classical.choice,
 Quot.sound]
info: ECDSAAdd/Arithmetic/BalancedCleanupOffsetLayout.lean:93:0: 'ECDSAAdd.Arithmetic.BalancedCleanupOffset.view_proper' depends on axioms: [propext, Quot.sound]
ℹ [3521/3644] Replayed ECDSAAdd.Arithmetic.OffsetCleanupBorrowedCallerLayout
info: ECDSAAdd/Arithmetic/OffsetCleanupBorrowedCallerLayout.lean:74:0: 'ECDSAAdd.Arithmetic.OffsetCleanupBorrowedCaller.nodup' depends on axioms: [propext, Classical.choice, Quot.sound]
info: ECDSAAdd/Arithmetic/OffsetCleanupBorrowedCallerLayout.lean:75:0: 'ECDSAAdd.Arithmetic.OffsetCleanupBorrowedCaller.declared_shared' depends on axioms: [propext,
 Classical.choice,
 Quot.sound]
ℹ [3522/3644] Replayed ECDSAAdd.Arithmetic.BalancedCleanupOffsetHead
info: ECDSAAdd/Arithmetic/BalancedCleanupOffsetHead.lean:168:0: 'ECDSAAdd.Arithmetic.BalancedCleanupOffset.prepareHead_run' depends on axioms: [propext, Classical.choice, Quot.sound]
info: ECDSAAdd/Arithmetic/BalancedCleanupOffsetHead.lean:169:0: 'ECDSAAdd.Arithmetic.BalancedCleanupOffset.releaseHead_run' depends on axioms: [propext, Classical.choice, Quot.sound]
ℹ [3523/3644] Replayed ECDSAAdd.Arithmetic.TerminalParityMeasure
info: ECDSAAdd/Arithmetic/TerminalParityMeasure.lean:42:0: 'ECDSAAdd.Arithmetic.TerminalParityMeasure.correct' depends on axioms: [propext, Quot.sound]
info: ECDSAAdd/Arithmetic/TerminalParityMeasure.lean:43:0: 'ECDSAAdd.Arithmetic.TerminalParityMeasure.counts' depends on axioms: [propext]
ℹ [3524/3644] Replayed ECDSAAdd.Arithmetic.BalancedCleanupOffsetSlimLeafProof
info: ECDSAAdd/Arithmetic/BalancedCleanupOffsetSlimLeafProof.lean:122:0: 'ECDSAAdd.Arithmetic.BalancedCleanupOffsetSlim.singleton_run' depends on axioms: [propext, Classical.choice, Quot.sound]
ℹ [3525/3644] Replayed ECDSAAdd.Arithmetic.TerminalParityLeaf
info: ECDSAAdd/Arithmetic/TerminalParityLeaf.lean:131:0: 'ECDSAAdd.Arithmetic.TerminalParityMeasure.leaf_correct' depends on axioms: [propext, Quot.sound]
info: ECDSAAdd/Arithmetic/TerminalParityLeaf.lean:133:0: 'ECDSAAdd.Arithmetic.TerminalParityMeasure.leaf_counts' depends on axioms: [propext]
ℹ [3526/3644] Replayed ECDSAAdd.Arithmetic.BalancedCleanupOffsetMath
info: ECDSAAdd/Arithmetic/BalancedCleanupOffsetMath.lean:117:0: 'ECDSAAdd.Arithmetic.BalancedCleanupOffset.threshold_no_wrap' depends on axioms: [propext, Classical.choice, Quot.sound]
info: ECDSAAdd/Arithmetic/BalancedCleanupOffsetMath.lean:118:0: 'ECDSAAdd.Arithmetic.BalancedCleanupOffset.threshold_value' depends on axioms: [propext, Classical.choice, Quot.sound]
info: ECDSAAdd/Arithmetic/BalancedCleanupOffsetMath.lean:119:0: 'ECDSAAdd.Arithmetic.BalancedCleanupOffset.biasedY_cast' depends on axioms: [propext, Classical.choice, Quot.sound]
info: ECDSAAdd/Arithmetic/BalancedCleanupOffsetMath.lean:120:0: 'ECDSAAdd.Arithmetic.BalancedCleanupOffset.comparison_predicate' depends on axioms: [propext,
 Classical.choice,
 Quot.sound]
info: ECDSAAdd/Arithmetic/BalancedCleanupOffsetMath.lean:121:0: 'ECDSAAdd.Arithmetic.BalancedCleanupOffset.chain_predicate' depends on axioms: [propext, Classical.choice, Quot.sound]
ℹ [3527/3644] Replayed ECDSAAdd.Arithmetic.BalancedCleanupOffsetViews
info: ECDSAAdd/Arithmetic/BalancedCleanupOffsetViews.lean:116:0: 'ECDSAAdd.Arithmetic.BalancedCleanupOffset.view_value' depends on axioms: [propext, Classical.choice, Quot.sound]
ℹ [3528/3644] Replayed ECDSAAdd.Arithmetic.BalancedCleanupOffsetSupport
info: ECDSAAdd/Arithmetic/BalancedCleanupOffsetSupport.lean:151:0: 'ECDSAAdd.Arithmetic.BalancedCleanupOffset.view_support' depends on axioms: [propext, Classical.choice, Quot.sound]
info: ECDSAAdd/Arithmetic/BalancedCleanupOffsetSupport.lean:152:0: 'ECDSAAdd.Arithmetic.BalancedCleanupOffset.view_parity_away' depends on axioms: [propext, Classical.choice, Quot.sound]
info: ECDSAAdd/Arithmetic/BalancedCleanupOffsetSupport.lean:153:0: 'ECDSAAdd.Arithmetic.BalancedCleanupOffset.program_support' depends on axioms: [propext, Classical.choice, Quot.sound]
ℹ [3529/3644] Replayed ECDSAAdd.Arithmetic.BalancedCleanupOffsetPrefix
info: ECDSAAdd/Arithmetic/BalancedCleanupOffsetPrefix.lean:97:0: 'ECDSAAdd.Arithmetic.BalancedCleanupOffset.front_value' depends on axioms: [propext, Classical.choice, Quot.sound]
info: ECDSAAdd/Arithmetic/BalancedCleanupOffsetPrefix.lean:98:0: 'ECDSAAdd.Arithmetic.BalancedCleanupOffset.front_parity_away' depends on axioms: [propext, Classical.choice, Quot.sound]
ℹ [3530/3644] Replayed ECDSAAdd.Arithmetic.BalancedCleanupOffsetSlimProgram
info: ECDSAAdd/Arithmetic/BalancedCleanupOffsetSlimProgram.lean:162:0: 'ECDSAAdd.Arithmetic.BalancedCleanupOffsetSlim.chain_counts' depends on axioms: [propext, Classical.choice, Quot.sound]
info: ECDSAAdd/Arithmetic/BalancedCleanupOffsetSlimProgram.lean:163:0: 'ECDSAAdd.Arithmetic.BalancedCleanupOffsetSlim.counts' depends on axioms: [propext, Classical.choice, Quot.sound]
info: ECDSAAdd/Arithmetic/BalancedCleanupOffsetSlimProgram.lean:164:0: 'ECDSAAdd.Arithmetic.BalancedCleanupOffsetSlim.support' depends on axioms: [propext, Classical.choice, Quot.sound]
ℹ [3532/3644] Replayed ECDSAAdd.Arithmetic.BalancedCleanupOffsetSlimChainProof
info: ECDSAAdd/Arithmetic/BalancedCleanupOffsetSlimChainProof.lean:223:0: 'ECDSAAdd.Arithmetic.BalancedCleanupOffsetSlim.chain_run' depends on axioms: [propext, Classical.choice, Quot.sound]
ℹ [3533/3644] Replayed ECDSAAdd.Arithmetic.TerminalParityChain
info: ECDSAAdd/Arithmetic/TerminalParityChain.lean:232:0: 'ECDSAAdd.Arithmetic.TerminalParityMeasure.chain_correct' depends on axioms: [propext, Classical.choice, Quot.sound]
ℹ [3534/3644] Replayed ECDSAAdd.Arithmetic.TerminalParityChainResources
info: ECDSAAdd/Arithmetic/TerminalParityChainResources.lean:111:0: 'ECDSAAdd.Arithmetic.TerminalParityMeasure.chain_counts' depends on axioms: [propext, Classical.choice, Quot.sound]
info: ECDSAAdd/Arithmetic/TerminalParityChainResources.lean:112:0: 'ECDSAAdd.Arithmetic.TerminalParityMeasure.chain_support' depends on axioms: [propext, Classical.choice, Quot.sound]
ℹ [3535/3644] Replayed ECDSAAdd.Arithmetic.BalancedCleanupOffsetZeroHead
info: ECDSAAdd/Arithmetic/BalancedCleanupOffsetZeroHead.lean:205:0: 'ECDSAAdd.Arithmetic.BalancedCleanupOffsetZeroHead.run_correct' depends on axioms: [propext,
 Classical.choice,
 Quot.sound]
info: ECDSAAdd/Arithmetic/BalancedCleanupOffsetZeroHead.lean:206:0: 'ECDSAAdd.Arithmetic.BalancedCleanupOffsetZeroHead.counts' depends on axioms: [propext, Classical.choice, Quot.sound]
info: ECDSAAdd/Arithmetic/BalancedCleanupOffsetZeroHead.lean:207:0: 'ECDSAAdd.Arithmetic.BalancedCleanupOffsetZeroHead.chain_equiv' depends on axioms: [propext,
 Classical.choice,
 Quot.sound]
ℹ [3536/3644] Replayed ECDSAAdd.Arithmetic.TerminalParityZeroHead
info: ECDSAAdd/Arithmetic/TerminalParityZeroHead.lean:180:0: 'ECDSAAdd.Arithmetic.TerminalParityZeroHead.run_correct' depends on axioms: [propext, Classical.choice, Quot.sound]
info: ECDSAAdd/Arithmetic/TerminalParityZeroHead.lean:181:0: 'ECDSAAdd.Arithmetic.TerminalParityZeroHead.counts' depends on axioms: [propext, Classical.choice, Quot.sound]
ℹ [3537/3644] Replayed ECDSAAdd.Arithmetic.TerminalParityZeroBridge
info: ECDSAAdd/Arithmetic/TerminalParityZeroBridge.lean:40:0: 'ECDSAAdd.Arithmetic.TerminalParityZeroHead.eq_old_of_clears' depends on axioms: [propext, Classical.choice, Quot.sound]
ℹ [3538/3644] Replayed ECDSAAdd.Arithmetic.BalancedCleanupOffsetChainProof
info: ECDSAAdd/Arithmetic/BalancedCleanupOffsetChainProof.lean:183:0: 'ECDSAAdd.Arithmetic.BalancedCleanupOffset.chain_run' depends on axioms: [propext, Classical.choice, Quot.sound]
ℹ [3539/3644] Replayed ECDSAAdd.Arithmetic.BalancedCleanupOffsetCompareProof
info: ECDSAAdd/Arithmetic/BalancedCleanupOffsetCompareProof.lean:138:0: 'ECDSAAdd.Arithmetic.BalancedCleanupOffset.chain_compare' depends on axioms: [propext, Classical.choice, Quot.sound]
ℹ [3540/3644] Replayed ECDSAAdd.Arithmetic.BalancedCleanupOffsetConstant
info: ECDSAAdd/Arithmetic/BalancedCleanupOffsetConstant.lean:47:0: 'ECDSAAdd.Arithmetic.BalancedCleanupOffset.offset_bit1' depends on axioms: [propext]
info: ECDSAAdd/Arithmetic/BalancedCleanupOffsetConstant.lean:48:0: 'ECDSAAdd.Arithmetic.BalancedCleanupOffset.offsetBits_value' depends on axioms: [propext]
info: ECDSAAdd/Arithmetic/BalancedCleanupOffsetConstant.lean:49:0: 'ECDSAAdd.Arithmetic.BalancedCleanupOffset.offsetBits_length' depends on axioms: [propext]
info: ECDSAAdd/Arithmetic/BalancedCleanupOffsetConstant.lean:50:0: 'ECDSAAdd.Arithmetic.BalancedCleanupOffset.offsetBits_sources' depends on axioms: [propext, Quot.sound]
ℹ [3541/3644] Replayed ECDSAAdd.Arithmetic.BalancedCleanupOffsetSlimProof
info: ECDSAAdd/Arithmetic/BalancedCleanupOffsetSlimProof.lean:142:0: 'ECDSAAdd.Arithmetic.BalancedCleanupOffsetSlim.chain_compare' depends on axioms: [propext, Classical.choice, Quot.sound]
info: ECDSAAdd/Arithmetic/BalancedCleanupOffsetSlimProof.lean:143:0: 'ECDSAAdd.Arithmetic.BalancedCleanupOffsetSlim.xor_correct' depends on axioms: [propext, Classical.choice, Quot.sound]
info: ECDSAAdd/Arithmetic/BalancedCleanupOffsetSlimProof.lean:144:0: 'ECDSAAdd.Arithmetic.BalancedCleanupOffsetSlim.correct' depends on axioms: [propext, Classical.choice, Quot.sound]
ℹ [3542/3644] Replayed ECDSAAdd.Arithmetic.BalancedCleanupOffsetZeroProgram
info: ECDSAAdd/Arithmetic/BalancedCleanupOffsetZeroProgram.lean:213:0: 'ECDSAAdd.Arithmetic.BalancedCleanupOffsetZero.core_eq' depends on axioms: [propext, Classical.choice, Quot.sound]
info: ECDSAAdd/Arithmetic/BalancedCleanupOffsetZeroProgram.lean:214:0: 'ECDSAAdd.Arithmetic.BalancedCleanupOffsetZero.xor_correct' depends on axioms: [propext, Classical.choice, Quot.sound]
info: ECDSAAdd/Arithmetic/BalancedCleanupOffsetZeroProgram.lean:215:0: 'ECDSAAdd.Arithmetic.BalancedCleanupOffsetZero.correct' depends on axioms: [propext, Classical.choice, Quot.sound]
info: ECDSAAdd/Arithmetic/BalancedCleanupOffsetZeroProgram.lean:216:0: 'ECDSAAdd.Arithmetic.BalancedCleanupOffsetZero.counts' depends on axioms: [propext, Classical.choice, Quot.sound]
info: ECDSAAdd/Arithmetic/BalancedCleanupOffsetZeroProgram.lean:217:0: 'ECDSAAdd.Arithmetic.BalancedCleanupOffsetZero.support' depends on axioms: [propext, Classical.choice, Quot.sound]
ℹ [3543/3644] Replayed ECDSAAdd.Arithmetic.TerminalParityOffset
info: ECDSAAdd/Arithmetic/TerminalParityOffset.lean:164:0: 'ECDSAAdd.Arithmetic.TerminalParityOffset.core_eq_old_of_clears' depends on axioms: [propext,
 Classical.choice,
 Quot.sound]
info: ECDSAAdd/Arithmetic/TerminalParityOffset.lean:165:0: 'ECDSAAdd.Arithmetic.TerminalParityOffset.correct' depends on axioms: [propext, Classical.choice, Quot.sound]
ℹ [3544/3644] Replayed ECDSAAdd.Arithmetic.TerminalParityOffsetResources
info: ECDSAAdd/Arithmetic/TerminalParityOffsetResources.lean:104:0: 'ECDSAAdd.Arithmetic.TerminalParityOffset.counts' depends on axioms: [propext, Classical.choice, Quot.sound]
info: ECDSAAdd/Arithmetic/TerminalParityOffsetResources.lean:105:0: 'ECDSAAdd.Arithmetic.TerminalParityOffset.support' depends on axioms: [propext, Classical.choice, Quot.sound]
ℹ [3545/3644] Replayed ECDSAAdd.Arithmetic.TerminalParitySlimSupport
info: ECDSAAdd/Arithmetic/TerminalParitySlimSupport.lean:98:0: 'ECDSAAdd.Arithmetic.TerminalParityMeasure.chain_support_slim' depends on axioms: [propext,
 Classical.choice,
 Quot.sound]
ℹ [3546/3644] Replayed ECDSAAdd.Arithmetic.TerminalParityOldSupport
info: ECDSAAdd/Arithmetic/TerminalParityOldSupport.lean:71:0: 'ECDSAAdd.Arithmetic.TerminalParityOffset.support_old' depends on axioms: [propext, Classical.choice, Quot.sound]
ℹ [3547/3644] Replayed ECDSAAdd.Arithmetic.OffsetBorrowedFieldProgram
info: ECDSAAdd/Arithmetic/OffsetBorrowedFieldProgram.lean:42:0: 'ECDSAAdd.Arithmetic.OffsetBorrowedField.counts' depends on axioms: [propext, Classical.choice, Quot.sound]
ℹ [3548/3644] Replayed ECDSAAdd.Arithmetic.OffsetCleanupBorrowedCallerClean
info: ECDSAAdd/Arithmetic/OffsetCleanupBorrowedCallerClean.lean:136:0: 'ECDSAAdd.Arithmetic.OffsetCleanupBorrowedCaller.callerCout_clean' depends on axioms: [propext,
 Classical.choice,
 Quot.sound]
info: ECDSAAdd/Arithmetic/OffsetCleanupBorrowedCallerClean.lean:137:0: 'ECDSAAdd.Arithmetic.OffsetCleanupBorrowedCaller.forwardCarry_clean' depends on axioms: [propext,
 Classical.choice,
 Quot.sound]
info: ECDSAAdd/Arithmetic/OffsetCleanupBorrowedCallerClean.lean:138:0: 'ECDSAAdd.Arithmetic.OffsetCleanupBorrowedCaller.forwardCout_frame' depends on axioms: [propext,
 Classical.choice,
 Quot.sound]
info: ECDSAAdd/Arithmetic/OffsetCleanupBorrowedCallerClean.lean:139:0: 'ECDSAAdd.Arithmetic.OffsetCleanupBorrowedCaller.contiguous_guard_conflict' depends on axioms: [propext,
 Classical.choice,
 Quot.sound]
ℹ [3549/3644] Replayed ECDSAAdd.Arithmetic.OffsetBorrowedCanonicalEnvironment
info: ECDSAAdd/Arithmetic/OffsetBorrowedCanonicalEnvironment.lean:102:0: 'ECDSAAdd.Arithmetic.OffsetBorrowedCanonical.env_of_canonical_source' depends on axioms: [propext,
 Classical.choice,
 Quot.sound]
info: ECDSAAdd/Arithmetic/OffsetBorrowedCanonicalEnvironment.lean:103:0: 'ECDSAAdd.Arithmetic.OffsetBorrowedCanonical.pair_env' depends on axioms: [propext, Classical.choice, Quot.sound]
ℹ [3550/3644] Replayed ECDSAAdd.Arithmetic.OffsetBorrowedFieldProof
info: ECDSAAdd/Arithmetic/OffsetBorrowedFieldProof.lean:173:0: 'ECDSAAdd.Arithmetic.OffsetBorrowedField.program_correct' depends on axioms: [propext, Classical.choice, Quot.sound]
ℹ [3551/3644] Replayed ECDSAAdd.Arithmetic.OffsetBorrowedCanonicalCell
info: ECDSAAdd/Arithmetic/OffsetBorrowedCanonicalCell.lean:137:0: 'ECDSAAdd.Arithmetic.OffsetBorrowedCanonical.kernel_eq' depends on axioms: [propext, Classical.choice, Quot.sound]
info: ECDSAAdd/Arithmetic/OffsetBorrowedCanonicalCell.lean:138:0: 'ECDSAAdd.Arithmetic.OffsetBorrowedCanonical.body_frame' depends on axioms: [propext, Classical.choice, Quot.sound]
info: ECDSAAdd/Arithmetic/OffsetBorrowedCanonicalCell.lean:139:0: 'ECDSAAdd.Arithmetic.OffsetBorrowedCanonical.cell_counts' depends on axioms: [propext, Classical.choice, Quot.sound]
ℹ [3552/3644] Replayed ECDSAAdd.Arithmetic.OffsetBorrowedCanonicalReplay
info: ECDSAAdd/Arithmetic/OffsetBorrowedCanonicalReplay.lean:176:0: 'ECDSAAdd.Arithmetic.OffsetBorrowedCanonical.canonicalReplay_frame' depends on axioms: [propext,
 Classical.choice,
 Quot.sound]
info: ECDSAAdd/Arithmetic/OffsetBorrowedCanonicalReplay.lean:177:0: 'ECDSAAdd.Arithmetic.OffsetBorrowedCanonical.replay_counts' depends on axioms: [propext, Classical.choice, Quot.sound]
info: ECDSAAdd/Arithmetic/OffsetBorrowedCanonicalReplay.lean:179:0: 'ECDSAAdd.Arithmetic.OffsetBorrowedCanonical.canonicalTapeReplay_quotient' depends on axioms: [propext,
 Classical.choice,
 Quot.sound]
info: ECDSAAdd/Arithmetic/OffsetBorrowedCanonicalReplay.lean:180:0: 'ECDSAAdd.Arithmetic.OffsetBorrowedCanonical.canonicalTapeReplay_counts' depends on axioms: [propext,
 Classical.choice,
 Quot.sound]
ℹ [3553/3644] Replayed ECDSAAdd.Arithmetic.OffsetBorrowedSharedEmission
info: ECDSAAdd/Arithmetic/OffsetBorrowedSharedEmission.lean:31:0: 'ECDSAAdd.Arithmetic.offsetBorrowedSharedReplayProgram_counts' depends on axioms: [propext,
 Classical.choice,
 Quot.sound]
ℹ [3554/3644] Replayed ECDSAAdd.Arithmetic.OffsetBorrowedSharedDivisionBridge
info: ECDSAAdd/Arithmetic/OffsetBorrowedSharedDivisionBridge.lean:76:0: 'ECDSAAdd.Arithmetic.offsetBorrowedSharedDivision_replay_frame' depends on axioms: [propext,
 Classical.choice,
 Quot.sound]
ℹ [3555/3644] Replayed ECDSAAdd.Arithmetic.OffsetBorrowedSharedDivision
info: ECDSAAdd/Arithmetic/OffsetBorrowedSharedDivision.lean:60:0: 'ECDSAAdd.Arithmetic.offsetBorrowedSharedFieldDivision_spec' depends on axioms: [propext, Classical.choice, Quot.sound]
info: ECDSAAdd/Arithmetic/OffsetBorrowedSharedDivision.lean:61:0: 'ECDSAAdd.Arithmetic.offsetBorrowedSharedFieldDivision_counts' depends on axioms: [propext,
 Classical.choice,
 Quot.sound]
info: ECDSAAdd/Arithmetic/OffsetBorrowedSharedDivision.lean:62:0: 'ECDSAAdd.Arithmetic.offsetBorrowedSharedFieldDivision' depends on axioms: [propext]
ℹ [3556/3644] Replayed ECDSAAdd.Arithmetic.OffsetBorrowedInverseParity
info: ECDSAAdd/Arithmetic/OffsetBorrowedInverseParity.lean:83:0: 'ECDSAAdd.Arithmetic.OffsetBorrowedInverse.recoverParity_equiv' depends on axioms: [propext,
 Classical.choice,
 Quot.sound]
info: ECDSAAdd/Arithmetic/OffsetBorrowedInverseParity.lean:84:0: 'ECDSAAdd.Arithmetic.OffsetBorrowedInverse.counts' depends on axioms: [propext, Classical.choice, Quot.sound]
ℹ [3557/3644] Replayed ECDSAAdd.Arithmetic.OffsetBorrowedInverseProof
info: ECDSAAdd/Arithmetic/OffsetBorrowedInverseProof.lean:178:0: 'ECDSAAdd.Arithmetic.OffsetBorrowedInverse.program_equiv' depends on axioms: [propext, Classical.choice, Quot.sound]
info: ECDSAAdd/Arithmetic/OffsetBorrowedInverseProof.lean:179:0: 'ECDSAAdd.Arithmetic.OffsetBorrowedInverse.program_correct' depends on axioms: [propext, Classical.choice, Quot.sound]
ℹ [3558/3644] Replayed ECDSAAdd.Arithmetic.OffsetBorrowedInverseCanonicalCell
info: ECDSAAdd/Arithmetic/OffsetBorrowedInverseCanonicalCell.lean:181:0: 'ECDSAAdd.Arithmetic.OffsetBorrowedInverseCanonical.kernel_eq' depends on axioms: [propext,
 Classical.choice,
 Quot.sound]
info: ECDSAAdd/Arithmetic/OffsetBorrowedInverseCanonicalCell.lean:182:0: 'ECDSAAdd.Arithmetic.OffsetBorrowedInverseCanonical.body_frame' depends on axioms: [propext,
 Classical.choice,
 Quot.sound]
info: ECDSAAdd/Arithmetic/OffsetBorrowedInverseCanonicalCell.lean:183:0: 'ECDSAAdd.Arithmetic.OffsetBorrowedInverseCanonical.cell_counts' depends on axioms: [propext,
 Classical.choice,
 Quot.sound]
ℹ [3559/3644] Replayed ECDSAAdd.Arithmetic.OffsetBorrowedInverseCanonicalReplay
info: ECDSAAdd/Arithmetic/OffsetBorrowedInverseCanonicalReplay.lean:200:0: 'ECDSAAdd.Arithmetic.OffsetBorrowedInverseCanonical.cell_frame' depends on axioms: [propext,
 Classical.choice,
 Quot.sound]
info: ECDSAAdd/Arithmetic/OffsetBorrowedInverseCanonicalReplay.lean:201:0: 'ECDSAAdd.Arithmetic.OffsetBorrowedInverseCanonical.canonicalReplay_frame' depends on axioms: [propext,
 Classical.choice,
 Quot.sound]
info: ECDSAAdd/Arithmetic/OffsetBorrowedInverseCanonicalReplay.lean:202:0: 'ECDSAAdd.Arithmetic.OffsetBorrowedInverseCanonical.canonicalTapeReplay_product' depends on axioms: [propext,
 Classical.choice,
 Quot.sound]
info: ECDSAAdd/Arithmetic/OffsetBorrowedInverseCanonicalReplay.lean:203:0: 'ECDSAAdd.Arithmetic.OffsetBorrowedInverseCanonical.canonicalTapeReplay_counts' depends on axioms: [propext,
 Classical.choice,
 Quot.sound]
ℹ [3560/3644] Replayed ECDSAAdd.Arithmetic.OffsetBorrowedInverseSharedMultiplicationReplay
info: ECDSAAdd/Arithmetic/OffsetBorrowedInverseSharedMultiplicationReplay.lean:102:0: 'ECDSAAdd.Arithmetic.offsetBorrowedInverseSharedReplayProgram_eq' depends on axioms: [propext,
 Classical.choice,
 Quot.sound]
info: ECDSAAdd/Arithmetic/OffsetBorrowedInverseSharedMultiplicationReplay.lean:103:0: 'ECDSAAdd.Arithmetic.offsetBorrowedInverseSharedReplayProgram_counts' depends on axioms: [propext,
 Classical.choice,
 Quot.sound]
info: ECDSAAdd/Arithmetic/OffsetBorrowedInverseSharedMultiplicationReplay.lean:104:0: 'ECDSAAdd.Arithmetic.offsetBorrowedInverseSharedMultiplication_replay_frame' depends on axioms: [propext,
 Classical.choice,
 Quot.sound]
ℹ [3561/3644] Replayed ECDSAAdd.Arithmetic.OffsetBorrowedInverseSharedMultiplication
info: ECDSAAdd/Arithmetic/OffsetBorrowedInverseSharedMultiplication.lean:64:0: 'ECDSAAdd.Arithmetic.offsetBorrowedInverseSharedFieldMultiplication_spec' depends on axioms: [propext,
 Classical.choice,
 Quot.sound]
info: ECDSAAdd/Arithmetic/OffsetBorrowedInverseSharedMultiplication.lean:65:0: 'ECDSAAdd.Arithmetic.offsetBorrowedInverseSharedFieldMultiplication_counts' depends on axioms: [propext,
 Classical.choice,
 Quot.sound]
info: ECDSAAdd/Arithmetic/OffsetBorrowedInverseSharedMultiplication.lean:67:0: 'ECDSAAdd.Arithmetic.offsetBorrowedInverseSharedFieldMultiplication' depends on axioms: [propext]
ℹ [3562/3644] Replayed ECDSAAdd.Arithmetic.OffsetBorrowedDirectArithmetic
info: ECDSAAdd/Arithmetic/OffsetBorrowedDirectArithmetic.lean:267:0: 'ECDSAAdd.Arithmetic.offsetBorrowedDirectArithmetic_run' depends on axioms: [propext, Classical.choice, Quot.sound]
info: ECDSAAdd/Arithmetic/OffsetBorrowedDirectArithmetic.lean:268:0: 'ECDSAAdd.Arithmetic.offsetBorrowedDirectArithmetic_counts' depends on axioms: [propext, Classical.choice, Quot.sound]
ℹ [3563/3644] Replayed ECDSAAdd.Arithmetic.CompactOffsetCallerStates
info: ECDSAAdd/Arithmetic/CompactOffsetCallerStates.lean:217:0: 'ECDSAAdd.Arithmetic.compactOffsetCallerArithmetic_states' depends on axioms: [propext, Classical.choice, Quot.sound]
ℹ [3564/3644] Replayed ECDSAAdd.Arithmetic.CompactOffsetCallerArithmetic
info: ECDSAAdd/Arithmetic/CompactOffsetCallerArithmetic.lean:60:0: 'ECDSAAdd.Arithmetic.compactOffsetCallerArithmetic_run' depends on axioms: [propext, Classical.choice, Quot.sound]
info: ECDSAAdd/Arithmetic/CompactOffsetCallerArithmetic.lean:61:0: 'ECDSAAdd.Arithmetic.compactOffsetCallerArithmetic_counts' depends on axioms: [propext, Classical.choice, Quot.sound]
ℹ [3566/3644] Replayed ECDSAAdd.Arithmetic.ZeroSeededConstantCompare
info: ECDSAAdd/Arithmetic/ZeroSeededConstantCompare.lean:230:0: 'ECDSAAdd.Arithmetic.ZeroSeededConstantCompare.equiv' depends on axioms: [propext, Classical.choice, Quot.sound]
info: ECDSAAdd/Arithmetic/ZeroSeededConstantCompare.lean:231:0: 'ECDSAAdd.Arithmetic.ZeroSeededConstantCompare.counts' depends on axioms: [propext, Classical.choice, Quot.sound]
info: ECDSAAdd/Arithmetic/ZeroSeededConstantCompare.lean:232:0: 'ECDSAAdd.Arithmetic.ZeroSeededConstantCompare.equiv_records' depends on axioms: [propext, Classical.choice, Quot.sound]
info: ECDSAAdd/Arithmetic/ZeroSeededConstantCompare.lean:233:0: 'ECDSAAdd.Arithmetic.ZeroSeededConstantCompare.support' depends on axioms: [propext, Classical.choice, Quot.sound]
ℹ [3568/3644] Replayed ECDSAAdd.Arithmetic.DirectZeroControlled
info: ECDSAAdd/Arithmetic/DirectZeroControlled.lean:102:0: 'ECDSAAdd.Arithmetic.directZeroControlled_states' depends on axioms: [propext, Classical.choice, Quot.sound]
info: ECDSAAdd/Arithmetic/DirectZeroControlled.lean:103:0: 'ECDSAAdd.Arithmetic.directZeroControlled_counts' depends on axioms: [propext, Classical.choice, Quot.sound]
ℹ [3656/4011] Replayed ECDSAAdd.Arithmetic.OffsetBorrowedControlledPort
info: ECDSAAdd/Arithmetic/OffsetBorrowedControlledPort.lean:207:0: 'ECDSAAdd.Arithmetic.pointOffsetBorrowedArithmetic_correct' depends on axioms: [propext, Classical.choice, Quot.sound]
info: ECDSAAdd/Arithmetic/OffsetBorrowedControlledPort.lean:208:0: 'ECDSAAdd.Arithmetic.pointOffsetBorrowedArithmetic_counts' depends on axioms: [propext, Classical.choice, Quot.sound]
ℹ [3666/4011] Replayed ECDSAAdd.Arithmetic.BalancedTranscriptSupport
info: ECDSAAdd/Arithmetic/BalancedTranscriptSupport.lean:144:0: 'ECDSAAdd.Arithmetic.BalancedConvert.support' depends on axioms: [propext, Classical.choice, Quot.sound]
info: ECDSAAdd/Arithmetic/BalancedTranscriptSupport.lean:145:0: 'ECDSAAdd.Arithmetic.balancedTranscriptReplay_support' depends on axioms: [propext, Classical.choice, Quot.sound]
ℹ [3667/4011] Replayed ECDSAAdd.Arithmetic.BalancedInverseTranscriptKernelSupport
info: ECDSAAdd/Arithmetic/BalancedInverseTranscriptKernelSupport.lean:92:0: 'ECDSAAdd.Arithmetic.BalancedInverse.support' depends on axioms: [propext, Classical.choice, Quot.sound]
info: ECDSAAdd/Arithmetic/BalancedInverseTranscriptKernelSupport.lean:94:0: 'ECDSAAdd.Arithmetic.BalancedInverse.qubitBound' depends on axioms: [propext, Classical.choice, Quot.sound]
ℹ [3668/4011] Replayed ECDSAAdd.Arithmetic.BalancedInverseTranscriptSupport
info: ECDSAAdd/Arithmetic/BalancedInverseTranscriptSupport.lean:125:0: 'ECDSAAdd.Arithmetic.balancedInverseTranscriptReplay_support' depends on axioms: [propext, Classical.choice, Quot.sound]
info: ECDSAAdd/Arithmetic/BalancedInverseTranscriptSupport.lean:127:0: 'ECDSAAdd.Arithmetic.balancedInverseTranscriptCanonicalReplay_support' depends on axioms: [propext,
 Classical.choice,
 Quot.sound]
ℹ [3669/4011] Replayed ECDSAAdd.Arithmetic.BorrowedSkywalkCompactSupportLayout
info: ECDSAAdd/Arithmetic/BorrowedSkywalkCompactSupportLayout.lean:127:0: 'ECDSAAdd.Arithmetic.BorrowedSkywalkCompactSupport.kernelSites' depends on axioms: [propext,
 Classical.choice,
 Quot.sound]
info: ECDSAAdd/Arithmetic/BorrowedSkywalkCompactSupportLayout.lean:128:0: 'ECDSAAdd.Arithmetic.BorrowedSkywalkCompactSupport.converters' depends on axioms: [propext,
 Classical.choice,
 Quot.sound]
info: ECDSAAdd/Arithmetic/BorrowedSkywalkCompactSupportLayout.lean:129:0: 'ECDSAAdd.Arithmetic.BorrowedSkywalkCompactSupport.replay' depends on axioms: [propext, Classical.choice, Quot.sound]
ℹ [3670/4011] Replayed ECDSAAdd.Arithmetic.BorrowedSkywalkCompactSupportInteger
info: ECDSAAdd/Arithmetic/BorrowedSkywalkCompactSupportInteger.lean:30:0: 'ECDSAAdd.Arithmetic.BorrowedSkywalkCompactSupport.integerSegments' depends on axioms: [propext,
 Classical.choice,
 Quot.sound]
ℹ [3671/4011] Replayed ECDSAAdd.Arithmetic.BorrowedSkywalkCompactSupportUnary
info: ECDSAAdd/Arithmetic/BorrowedSkywalkCompactSupportUnary.lean:44:0: 'ECDSAAdd.Arithmetic.BorrowedSkywalkCompactSupport.unary' depends on axioms: [propext, Classical.choice, Quot.sound]
ℹ [3672/4011] Replayed ECDSAAdd.Arithmetic.BorrowedSkywalkCompactSupportReplay
info: ECDSAAdd/Arithmetic/BorrowedSkywalkCompactSupportReplay.lean:85:0: 'ECDSAAdd.Arithmetic.BorrowedSkywalkCompactSupport.tapeSupport' depends on axioms: [propext,
 Classical.choice,
 Quot.sound]
info: ECDSAAdd/Arithmetic/BorrowedSkywalkCompactSupportReplay.lean:86:0: 'ECDSAAdd.Arithmetic.BorrowedSkywalkCompactSupport.replayPrograms' depends on axioms: [propext,
 Classical.choice,
 Quot.sound]
info: ECDSAAdd/Arithmetic/BorrowedSkywalkCompactSupportReplay.lean:87:0: 'ECDSAAdd.Arithmetic.BorrowedSkywalkCompactSupport.copy' depends on axioms: [propext, Classical.choice, Quot.sound]
info: ECDSAAdd/Arithmetic/BorrowedSkywalkCompactSupportReplay.lean:88:0: 'ECDSAAdd.Arithmetic.BorrowedSkywalkCompactSupport.copyLow' depends on axioms: [propext, Classical.choice, Quot.sound]
ℹ [3673/4011] Replayed ECDSAAdd.Arithmetic.OffsetBorrowedSupport
info: ECDSAAdd/Arithmetic/OffsetBorrowedSupport.lean:270:0: 'ECDSAAdd.Arithmetic.OffsetBorrowedSupport.chainSupport' depends on axioms: [propext, Classical.choice, Quot.sound]
info: ECDSAAdd/Arithmetic/OffsetBorrowedSupport.lean:271:0: 'ECDSAAdd.Arithmetic.OffsetBorrowedSupport.offsetSupport' depends on axioms: [propext, Classical.choice, Quot.sound]
info: ECDSAAdd/Arithmetic/OffsetBorrowedSupport.lean:272:0: 'ECDSAAdd.Arithmetic.OffsetBorrowedSupport.fieldPrograms' depends on axioms: [propext, Classical.choice, Quot.sound]
info: ECDSAAdd/Arithmetic/OffsetBorrowedSupport.lean:273:0: 'ECDSAAdd.Arithmetic.OffsetBorrowedSupport.replayPrograms' depends on axioms: [propext, Classical.choice, Quot.sound]
info: ECDSAAdd/Arithmetic/OffsetBorrowedSupport.lean:274:0: 'ECDSAAdd.Arithmetic.OffsetBorrowedSupport.kernel' depends on axioms: [propext, Classical.choice, Quot.sound]
ℹ [3674/4011] Replayed ECDSAAdd.Arithmetic.CompressedFieldActiveSupport
info: ECDSAAdd/Arithmetic/CompressedFieldActiveSupport.lean:210:0: 'ECDSAAdd.Arithmetic.CompressedFieldSupport.offset_support' depends on axioms: [propext, Classical.choice, Quot.sound]
info: ECDSAAdd/Arithmetic/CompressedFieldActiveSupport.lean:211:0: 'ECDSAAdd.Arithmetic.CompressedFieldSupport.zero_offset_support' depends on axioms: [propext,
 Classical.choice,
 Quot.sound]
info: ECDSAAdd/Arithmetic/CompressedFieldActiveSupport.lean:212:0: 'ECDSAAdd.Arithmetic.CompressedFieldSupport.kernels_support' depends on axioms: [propext, Classical.choice, Quot.sound]
ℹ [3675/4011] Replayed ECDSAAdd.Arithmetic.CompressedFieldGroupProgram
info: ECDSAAdd/Arithmetic/CompressedFieldGroupProgram.lean:117:0: 'ECDSAAdd.Arithmetic.codecGroups_counts' depends on axioms: [propext, Classical.choice, Quot.sound]
info: ECDSAAdd/Arithmetic/CompressedFieldGroupProgram.lean:118:0: 'ECDSAAdd.Arithmetic.codecGroups_512_counts' depends on axioms: [propext, Classical.choice, Quot.sound]
info: ECDSAAdd/Arithmetic/CompressedFieldGroupProgram.lean:120:0: 'ECDSAAdd.Arithmetic.compressedFieldGroups_counts' depends on axioms: [propext, Classical.choice, Quot.sound]
ℹ [3676/4011] Replayed ECDSAAdd.Arithmetic.CompressedFieldCellSupport
info: ECDSAAdd/Arithmetic/CompressedFieldCellSupport.lean:95:0: 'ECDSAAdd.Arithmetic.CompressedFieldSupport.bodies_active' depends on axioms: [propext, Classical.choice, Quot.sound]
info: ECDSAAdd/Arithmetic/CompressedFieldCellSupport.lean:96:0: 'ECDSAAdd.Arithmetic.CompressedFieldSupport.cells_active' depends on axioms: [propext, Classical.choice, Quot.sound]
info: ECDSAAdd/Arithmetic/CompressedFieldCellSupport.lean:97:0: 'ECDSAAdd.Arithmetic.CompressedFieldSupport.history_active_away' depends on axioms: [propext,
 Classical.choice,
 Quot.sound]
ℹ [3677/4011] Replayed ECDSAAdd.Arithmetic.CompressedFieldWindowTransport
info: ECDSAAdd/Arithmetic/CompressedFieldWindowTransport.lean:101:0: 'ECDSAAdd.Arithmetic.CompressedFieldSupport.current_cells_support' depends on axioms: [propext,
 Classical.choice,
 Quot.sound]
info: ECDSAAdd/Arithmetic/CompressedFieldWindowTransport.lean:102:0: 'ECDSAAdd.Arithmetic.CompressedFieldSupport.other_encoder_disjoint' depends on axioms: [propext,
 Classical.choice,
 Quot.sound]
info: ECDSAAdd/Arithmetic/CompressedFieldWindowTransport.lean:103:0: 'ECDSAAdd.Arithmetic.CompressedFieldSupport.window_transport_other' depends on axioms: [propext,
 Classical.choice,
 Quot.sound]
ℹ [3678/4011] Replayed ECDSAAdd.Arithmetic.CompressedFieldGroupPacket
info: ECDSAAdd/Arithmetic/CompressedFieldGroupPacket.lean:116:0: 'ECDSAAdd.Arithmetic.CompressedFieldSupport.forward_packet' depends on axioms: [propext, Classical.choice, Quot.sound]
info: ECDSAAdd/Arithmetic/CompressedFieldGroupPacket.lean:117:0: 'ECDSAAdd.Arithmetic.CompressedFieldSupport.backward_packet' depends on axioms: [propext, Classical.choice, Quot.sound]
ℹ [3679/4011] Replayed ECDSAAdd.Arithmetic.CompressedCompactZeroSlots
info: ECDSAAdd/Arithmetic/CompressedCompactZeroSlots.lean:89:0: 'ECDSAAdd.Arithmetic.compressedPrefix_zero_slots' depends on axioms: [propext, Classical.choice, Quot.sound]
info: ECDSAAdd/Arithmetic/CompressedCompactZeroSlots.lean:90:0: 'ECDSAAdd.Arithmetic.compressedCompactStage_512_zero_slots' depends on axioms: [propext, Classical.choice, Quot.sound]
ℹ [3680/4011] Replayed ECDSAAdd.Arithmetic.CompressedCompactMaskZeros
info: ECDSAAdd/Arithmetic/CompressedCompactMaskZeros.lean:77:0: 'ECDSAAdd.Arithmetic.compressedPrefix_history_support' depends on axioms: [propext, Classical.choice, Quot.sound]
info: ECDSAAdd/Arithmetic/CompressedCompactMaskZeros.lean:78:0: 'ECDSAAdd.Arithmetic.compactTerminal_mask_zero' depends on axioms: [propext, Quot.sound]
info: ECDSAAdd/Arithmetic/CompressedCompactMaskZeros.lean:79:0: 'ECDSAAdd.Arithmetic.compressedCompactStage_512_mask_zero' depends on axioms: [propext, Classical.choice, Quot.sound]
ℹ [3681/4011] Replayed ECDSAAdd.Arithmetic.CompressedFieldFullEncoding
info: ECDSAAdd/Arithmetic/CompressedFieldFullEncoding.lean:117:0: 'ECDSAAdd.Arithmetic.CompressedFieldSupport.encode_prefix_512' depends on axioms: [propext,
 Classical.choice,
 Quot.sound]
info: ECDSAAdd/Arithmetic/CompressedFieldFullEncoding.lean:118:0: 'ECDSAAdd.Arithmetic.CompressedFieldSupport.allGroupEncode_phase' depends on axioms: [propext,
 Classical.choice,
 Quot.sound]
info: ECDSAAdd/Arithmetic/CompressedFieldFullEncoding.lean:119:0: 'ECDSAAdd.Arithmetic.CompressedFieldSupport.allGroupEncode_records' depends on axioms: [propext,
 Classical.choice,
 Quot.sound]
ℹ [3682/4011] Replayed ECDSAAdd.Arithmetic.CompressedFieldEncodingFactor
info: ECDSAAdd/Arithmetic/CompressedFieldEncodingFactor.lean:95:0: 'ECDSAAdd.Arithmetic.CompressedFieldSupport.allGroupEncode_factor' depends on axioms: [propext,
 Classical.choice,
 Quot.sound]
info: ECDSAAdd/Arithmetic/CompressedFieldEncodingFactor.lean:96:0: 'ECDSAAdd.Arithmetic.CompressedFieldSupport.otherGroupEncode_body_disjoint' depends on axioms: [propext,
 Classical.choice,
 Quot.sound]
ℹ [3683/4011] Replayed ECDSAAdd.Arithmetic.CompressedFieldInvariantStep
info: ECDSAAdd/Arithmetic/CompressedFieldInvariantStep.lean:140:0: 'ECDSAAdd.Arithmetic.CompressedFieldSupport.frame_history_legal' depends on axioms: [propext,
 Classical.choice,
 Quot.sound]
info: ECDSAAdd/Arithmetic/CompressedFieldInvariantStep.lean:141:0: 'ECDSAAdd.Arithmetic.CompressedFieldSupport.encoded_forward_packet_step' depends on axioms: [propext,
 Classical.choice,
 Quot.sound]
info: ECDSAAdd/Arithmetic/CompressedFieldInvariantStep.lean:143:0: 'ECDSAAdd.Arithmetic.CompressedFieldSupport.encoded_backward_packet_step' depends on axioms: [propext,
 Classical.choice,
 Quot.sound]
ℹ [3684/4011] Replayed ECDSAAdd.Arithmetic.CompressedFieldTapeAlignment
info: ECDSAAdd/Arithmetic/CompressedFieldTapeAlignment.lean:77:0: 'ECDSAAdd.Arithmetic.CompressedFieldSupport.mixedTape_indexed' depends on axioms: [propext, Quot.sound]
info: ECDSAAdd/Arithmetic/CompressedFieldTapeAlignment.lean:78:0: 'ECDSAAdd.Arithmetic.CompressedFieldSupport.indexed_packet_controls' depends on axioms: [propext,
 Classical.choice,
 Quot.sound]
info: ECDSAAdd/Arithmetic/CompressedFieldTapeAlignment.lean:79:0: 'ECDSAAdd.Arithmetic.CompressedFieldSupport.packet_active_support' depends on axioms: [propext,
 Classical.choice,
 Quot.sound]
ℹ [3685/4011] Replayed ECDSAAdd.Arithmetic.CompressedFieldRawTail
info: ECDSAAdd/Arithmetic/CompressedFieldRawTail.lean:132:0: 'ECDSAAdd.Arithmetic.CompressedFieldSupport.tail_replay_disjoint' depends on axioms: [propext,
 Classical.choice,
 Quot.sound]
info: ECDSAAdd/Arithmetic/CompressedFieldRawTail.lean:133:0: 'ECDSAAdd.Arithmetic.CompressedFieldSupport.encoded_tail_replay' depends on axioms: [propext,
 Classical.choice,
 Quot.sound]
ℹ [3686/4011] Replayed ECDSAAdd.Arithmetic.CompressedFieldGroupedReplay
info: ECDSAAdd/Arithmetic/CompressedFieldGroupedReplay.lean:158:0: 'ECDSAAdd.Arithmetic.CompressedFieldSupport.grouped_encoded_replays' depends on axioms: [propext,
 Classical.choice,
 Quot.sound]
info: ECDSAAdd/Arithmetic/CompressedFieldGroupedReplay.lean:159:0: 'ECDSAAdd.Arithmetic.CompressedFieldSupport.compressedFieldGroups_512_frame' depends on axioms: [propext,
 Classical.choice,
 Quot.sound]
ℹ [3687/4011] Replayed ECDSAAdd.Framework.CleanWireRebind
info: ECDSAAdd/Framework/CleanWireRebind.lean:63:0: 'ECDSAAdd.pullState_zero_swap' depends on axioms: [propext, Classical.choice, Quot.sound]
info: ECDSAAdd/Framework/CleanWireRebind.lean:64:0: 'ECDSAAdd.cleanWireRebind' depends on axioms: [propext, Classical.choice, Quot.sound]
info: ECDSAAdd/Framework/CleanWireRebind.lean:65:0: 'ECDSAAdd.twoBlocks_cleanWireRebind' depends on axioms: [propext, Classical.choice, Quot.sound]
info: ECDSAAdd/Framework/CleanWireRebind.lean:66:0: 'ECDSAAdd.cleanWireRebind_counts' depends on axioms: [propext, Classical.choice, Quot.sound]
ℹ [3688/4011] Replayed ECDSAAdd.Arithmetic.CompressedCodecRebind
info: ECDSAAdd/Arithmetic/CompressedCodecRebind.lean:46:0: 'ECDSAAdd.Arithmetic.compressedCodec_rebind_next' depends on axioms: [propext, Classical.choice, Quot.sound]
info: ECDSAAdd/Arithmetic/CompressedCodecRebind.lean:47:0: 'ECDSAAdd.Arithmetic.compressedCodec_rebind_counts' depends on axioms: [propext, Classical.choice, Quot.sound]
ℹ [3689/4011] Replayed ECDSAAdd.Arithmetic.CompressedAllocationPermutation
info: ECDSAAdd/Arithmetic/CompressedAllocationPermutation.lean:121:0: 'ECDSAAdd.Arithmetic.CompressedAllocation.pi0_injective' depends on axioms: [propext, Classical.choice, Quot.sound]
info: ECDSAAdd/Arithmetic/CompressedAllocationPermutation.lean:122:0: 'ECDSAAdd.Arithmetic.CompressedAllocation.pi_selected' depends on axioms: [propext, Classical.choice, Quot.sound]
info: ECDSAAdd/Arithmetic/CompressedAllocationPermutation.lean:123:0: 'ECDSAAdd.Arithmetic.CompressedAllocation.pi_current' depends on axioms: [propext, Classical.choice, Quot.sound]
info: ECDSAAdd/Arithmetic/CompressedAllocationPermutation.lean:124:0: 'ECDSAAdd.Arithmetic.CompressedAllocation.pi_other' depends on axioms: [propext, Classical.choice, Quot.sound]
ℹ [3690/4011] Replayed ECDSAAdd.Arithmetic.CompressedAllocationSupport
info: ECDSAAdd/Arithmetic/CompressedAllocationSupport.lean:126:0: 'ECDSAAdd.Arithmetic.CompressedAllocation.packet_fixed' depends on axioms: [propext, Classical.choice, Quot.sound]
info: ECDSAAdd/Arithmetic/CompressedAllocationSupport.lean:127:0: 'ECDSAAdd.Arithmetic.CompressedAllocation.current_cells_avoid_omitted' depends on axioms: [propext,
 Classical.choice,
 Quot.sound]
info: ECDSAAdd/Arithmetic/CompressedAllocationSupport.lean:128:0: 'ECDSAAdd.Arithmetic.CompressedAllocation.current_work_record_disjoint' depends on axioms: [propext,
 Classical.choice,
 Quot.sound]
ℹ [3691/4011] Replayed ECDSAAdd.Arithmetic.MappedCompressedAllocationSites
info: ECDSAAdd/Arithmetic/MappedCompressedAllocationSites.lean:154:0: 'ECDSAAdd.Arithmetic.MappedCompressed.slots_nodup' depends on axioms: [propext, Classical.choice, Quot.sound]
info: ECDSAAdd/Arithmetic/MappedCompressedAllocationSites.lean:155:0: 'ECDSAAdd.Arithmetic.MappedCompressed.slots_length' depends on axioms: [propext]
info: ECDSAAdd/Arithmetic/MappedCompressedAllocationSites.lean:156:0: 'ECDSAAdd.Arithmetic.MappedCompressed.codec_support' depends on axioms: [propext, Classical.choice, Quot.sound]
ℹ [3692/4011] Replayed ECDSAAdd.Arithmetic.MappedCompressedCodecAgreement
info: ECDSAAdd/Arithmetic/MappedCompressedCodecAgreement.lean:38:0: 'ECDSAAdd.Arithmetic.MappedCompressed.current_history_map' depends on axioms: [propext, Classical.choice, Quot.sound]
info: ECDSAAdd/Arithmetic/MappedCompressedCodecAgreement.lean:39:0: 'ECDSAAdd.Arithmetic.MappedCompressed.current_codec_equal' depends on axioms: [propext, Classical.choice, Quot.sound]
info: ECDSAAdd/Arithmetic/MappedCompressedCodecAgreement.lean:40:0: 'ECDSAAdd.Arithmetic.MappedCompressed.current_codec_run_equal' depends on axioms: [propext,
 Classical.choice,
 Quot.sound]
ℹ [3693/4011] Replayed ECDSAAdd.Framework.WireRenameComposition
info: ECDSAAdd/Framework/WireRenameComposition.lean:66:0: 'ECDSAAdd.renameProgram_comp' depends on axioms: [propext, Quot.sound]
info: ECDSAAdd/Framework/WireRenameComposition.lean:67:0: 'ECDSAAdd.renameProgram_congr_support' depends on axioms: [propext, Classical.choice, Quot.sound]
ℹ [3694/4011] Replayed ECDSAAdd.Arithmetic.CompressedPlacementTransport
info: ECDSAAdd/Arithmetic/CompressedPlacementTransport.lean:85:0: 'ECDSAAdd.Arithmetic.MappedCompressed.shifted_current_codec' depends on axioms: [propext, Classical.choice, Quot.sound]
info: ECDSAAdd/Arithmetic/CompressedPlacementTransport.lean:86:0: 'ECDSAAdd.Arithmetic.MappedCompressed.codec_rename' depends on axioms: [propext, Classical.choice, Quot.sound]
ℹ [3695/4011] Replayed ECDSAAdd.Arithmetic.MappedCompressedFieldReplay
info: ECDSAAdd/Arithmetic/MappedCompressedFieldReplay.lean:252:0: 'ECDSAAdd.Arithmetic.MappedCompressed.mappedReplay_support' depends on axioms: [propext, Classical.choice, Quot.sound]
info: ECDSAAdd/Arithmetic/MappedCompressedFieldReplay.lean:253:0: 'ECDSAAdd.Arithmetic.MappedCompressed.fieldSegment_support' depends on axioms: [propext, Classical.choice, Quot.sound]
ℹ [3696/4011] Replayed ECDSAAdd.Arithmetic.MappedCompressedPacketTransport
info: ECDSAAdd/Arithmetic/MappedCompressedPacketTransport.lean:50:0: 'ECDSAAdd.Arithmetic.MappedCompressed.mappedGroup_eq_rename' depends on axioms: [propext, Classical.choice, Quot.sound]
info: ECDSAAdd/Arithmetic/MappedCompressedPacketTransport.lean:51:0: 'ECDSAAdd.Arithmetic.MappedCompressed.mappedGroup_run' depends on axioms: [propext, Classical.choice, Quot.sound]
ℹ [3697/4011] Replayed ECDSAAdd.Arithmetic.MappedCompressedReplayCounts
info: ECDSAAdd/Arithmetic/MappedCompressedReplayCounts.lean:107:0: 'ECDSAAdd.Arithmetic.MappedCompressed.logicalCell_counts' depends on axioms: [propext, Classical.choice, Quot.sound]
info: ECDSAAdd/Arithmetic/MappedCompressedReplayCounts.lean:108:0: 'ECDSAAdd.Arithmetic.MappedCompressed.mappedGroup_counts' depends on axioms: [propext, Classical.choice, Quot.sound]
info: ECDSAAdd/Arithmetic/MappedCompressedReplayCounts.lean:109:0: 'ECDSAAdd.Arithmetic.MappedCompressed.mappedGroups_counts' depends on axioms: [propext, Classical.choice, Quot.sound]
info: ECDSAAdd/Arithmetic/MappedCompressedReplayCounts.lean:110:0: 'ECDSAAdd.Arithmetic.MappedCompressed.mappedReplay_counts' depends on axioms: [propext, Classical.choice, Quot.sound]
info: ECDSAAdd/Arithmetic/MappedCompressedReplayCounts.lean:111:0: 'ECDSAAdd.Arithmetic.MappedCompressed.converterPair_counts' depends on axioms: [propext, Classical.choice, Quot.sound]
info: ECDSAAdd/Arithmetic/MappedCompressedReplayCounts.lean:112:0: 'ECDSAAdd.Arithmetic.MappedCompressed.fieldSegment_counts' depends on axioms: [propext, Classical.choice, Quot.sound]
ℹ [3698/4011] Replayed ECDSAAdd.Arithmetic.MappedCompressedBaseReplay
info: ECDSAAdd/Arithmetic/MappedCompressedBaseReplay.lean:66:0: 'ECDSAAdd.Arithmetic.MappedCompressed.baseGroups_counts_eq' depends on axioms: [propext, Classical.choice, Quot.sound]
ℹ [3699/4011] Replayed ECDSAAdd.Arithmetic.FieldRenameLayouts
info: ECDSAAdd/Arithmetic/FieldRenameLayouts.lean:78:0: 'ECDSAAdd.Arithmetic.FieldRename.sharedPorts_map' depends on axioms: [propext]
info: ECDSAAdd/Arithmetic/FieldRenameLayouts.lean:79:0: 'ECDSAAdd.Arithmetic.FieldRename.callerLayout_map' depends on axioms: [propext]
info: ECDSAAdd/Arithmetic/FieldRenameLayouts.lean:80:0: 'ECDSAAdd.Arithmetic.FieldRename.foldBits_map' depends on axioms: [propext]
info: ECDSAAdd/Arithmetic/FieldRenameLayouts.lean:81:0: 'ECDSAAdd.Arithmetic.FieldRename.offsetBits_map' depends on axioms: [propext, Quot.sound]
ℹ [3700/4011] Replayed ECDSAAdd.Arithmetic.FieldRenamePrimitives
info: ECDSAAdd/Arithmetic/FieldRenamePrimitives.lean:71:0: 'ECDSAAdd.Arithmetic.FieldRename.mappedEraseCarry_natural' depends on axioms: [propext]
info: ECDSAAdd/Arithmetic/FieldRenamePrimitives.lean:72:0: 'ECDSAAdd.Arithmetic.FieldRename.selectWindow_natural' depends on axioms: [propext]
ℹ [3701/4011] Replayed ECDSAAdd.Arithmetic.FieldRenameRegisters
info: ECDSAAdd/Arithmetic/FieldRenameRegisters.lean:100:0: 'ECDSAAdd.Arithmetic.FieldRename.addInPlace_natural' depends on axioms: [propext]
info: ECDSAAdd/Arithmetic/FieldRenameRegisters.lean:101:0: 'ECDSAAdd.Arithmetic.FieldRename.mappedAdd_natural' depends on axioms: [propext]
info: ECDSAAdd/Arithmetic/FieldRenameRegisters.lean:102:0: 'ECDSAAdd.Arithmetic.FieldRename.rotate_natural' depends on axioms: [propext]
ℹ [3702/4011] Replayed ECDSAAdd.Arithmetic.FieldRenameOffset
info: ECDSAAdd/Arithmetic/FieldRenameOffset.lean:57:0: 'ECDSAAdd.Arithmetic.FieldRename.offset_chain_natural' depends on axioms: [propext]
info: ECDSAAdd/Arithmetic/FieldRenameOffset.lean:58:0: 'ECDSAAdd.Arithmetic.FieldRename.offset_program_natural' depends on axioms: [propext, Quot.sound]
ℹ [3703/4011] Replayed ECDSAAdd.Arithmetic.FieldRenameOffsetSlim
info: ECDSAAdd/Arithmetic/FieldRenameOffsetSlim.lean:118:0: 'ECDSAAdd.Arithmetic.FieldRename.slim_offset_chain_natural' depends on axioms: [propext, Classical.choice, Quot.sound]
info: ECDSAAdd/Arithmetic/FieldRenameOffsetSlim.lean:119:0: 'ECDSAAdd.Arithmetic.FieldRename.slim_offset_program_natural' depends on axioms: [propext, Classical.choice, Quot.sound]
ℹ [3704/4011] Replayed ECDSAAdd.Arithmetic.FieldRenameOffsetZero
info: ECDSAAdd/Arithmetic/FieldRenameOffsetZero.lean:72:0: 'ECDSAAdd.Arithmetic.FieldRename.zero_head_natural' depends on axioms: [propext, Classical.choice, Quot.sound]
info: ECDSAAdd/Arithmetic/FieldRenameOffsetZero.lean:73:0: 'ECDSAAdd.Arithmetic.FieldRename.zero_offset_core_natural' depends on axioms: [propext, Classical.choice, Quot.sound]
info: ECDSAAdd/Arithmetic/FieldRenameOffsetZero.lean:74:0: 'ECDSAAdd.Arithmetic.FieldRename.zero_offset_program_natural' depends on axioms: [propext, Classical.choice, Quot.sound]
ℹ [3705/4011] Replayed ECDSAAdd.Arithmetic.FieldRenameMeasuredChain
info: ECDSAAdd/Arithmetic/FieldRenameMeasuredChain.lean:93:0: 'ECDSAAdd.Arithmetic.FieldRename.measured_offset_chain_natural' depends on axioms: [propext,
 Classical.choice,
 Quot.sound]
ℹ [3706/4011] Replayed ECDSAAdd.Arithmetic.FieldRenameMeasuredOffset
info: ECDSAAdd/Arithmetic/FieldRenameMeasuredOffset.lean:73:0: 'ECDSAAdd.Arithmetic.FieldRename.measured_zero_head_natural' depends on axioms: [propext, Classical.choice, Quot.sound]
info: ECDSAAdd/Arithmetic/FieldRenameMeasuredOffset.lean:74:0: 'ECDSAAdd.Arithmetic.FieldRename.measured_zero_offset_core_natural' depends on axioms: [propext,
 Classical.choice,
 Quot.sound]
info: ECDSAAdd/Arithmetic/FieldRenameMeasuredOffset.lean:75:0: 'ECDSAAdd.Arithmetic.FieldRename.measured_zero_offset_program_natural' depends on axioms: [propext,
 Classical.choice,
 Quot.sound]
ℹ [3707/4011] Replayed ECDSAAdd.Arithmetic.FieldRenameKernels
info: ECDSAAdd/Arithmetic/FieldRenameKernels.lean:98:0: 'ECDSAAdd.Arithmetic.FieldRename.coreProgram_natural' depends on axioms: [propext]
info: ECDSAAdd/Arithmetic/FieldRenameKernels.lean:99:0: 'ECDSAAdd.Arithmetic.FieldRename.inverse_tail_natural' depends on axioms: [propext]
info: ECDSAAdd/Arithmetic/FieldRenameKernels.lean:100:0: 'ECDSAAdd.Arithmetic.FieldRename.forward_program_natural' depends on axioms: [propext, Classical.choice, Quot.sound]
info: ECDSAAdd/Arithmetic/FieldRenameKernels.lean:101:0: 'ECDSAAdd.Arithmetic.FieldRename.inverse_program_natural' depends on axioms: [propext, Classical.choice, Quot.sound]
ℹ [3708/4011] Replayed ECDSAAdd.Arithmetic.FieldRenameCells
info: ECDSAAdd/Arithmetic/FieldRenameCells.lean:62:0: 'ECDSAAdd.Arithmetic.FieldRename.forward_cell_natural' depends on axioms: [propext, Classical.choice, Quot.sound]
info: ECDSAAdd/Arithmetic/FieldRenameCells.lean:63:0: 'ECDSAAdd.Arithmetic.FieldRename.inverse_cell_natural' depends on axioms: [propext, Classical.choice, Quot.sound]
info: ECDSAAdd/Arithmetic/FieldRenameCells.lean:64:0: 'ECDSAAdd.Arithmetic.FieldRename.logical_cell_natural' depends on axioms: [propext, Classical.choice, Quot.sound]
ℹ [3709/4011] Replayed ECDSAAdd.Arithmetic.MappedCompressedPacketCorrect
info: ECDSAAdd/Arithmetic/MappedCompressedPacketCorrect.lean:106:0: 'ECDSAAdd.Arithmetic.MappedCompressed.mixedTape_base_getD' depends on axioms: [propext, Classical.choice, Quot.sound]
info: ECDSAAdd/Arithmetic/MappedCompressedPacketCorrect.lean:107:0: 'ECDSAAdd.Arithmetic.MappedCompressed.base_cell_eq' depends on axioms: [propext, Classical.choice, Quot.sound]
info: ECDSAAdd/Arithmetic/MappedCompressedPacketCorrect.lean:108:0: 'ECDSAAdd.Arithmetic.MappedCompressed.baseGroup_eq_packet' depends on axioms: [propext, Classical.choice, Quot.sound]
info: ECDSAAdd/Arithmetic/MappedCompressedPacketCorrect.lean:109:0: 'ECDSAAdd.Arithmetic.MappedCompressed.baseGroup_encoded_step' depends on axioms: [propext, Classical.choice, Quot.sound]
ℹ [3710/4011] Replayed ECDSAAdd.Arithmetic.MappedCompressedReplayIdentity
info: ECDSAAdd/Arithmetic/MappedCompressedReplayIdentity.lean:136:0: 'ECDSAAdd.Arithmetic.MappedCompressed.indexedLetters_full' depends on axioms: [propext, Classical.choice, Quot.sound]
info: ECDSAAdd/Arithmetic/MappedCompressedReplayIdentity.lean:137:0: 'ECDSAAdd.Arithmetic.MappedCompressed.base_forward_replay_identity' depends on axioms: [propext,
 Classical.choice,
 Quot.sound]
info: ECDSAAdd/Arithmetic/MappedCompressedReplayIdentity.lean:138:0: 'ECDSAAdd.Arithmetic.MappedCompressed.base_backward_replay_identity' depends on axioms: [propext,
 Classical.choice,
 Quot.sound]
ℹ [3711/4011] Replayed ECDSAAdd.Math.SkywalkTerminationBudget
info: ECDSAAdd/Math/SkywalkTerminationBudget.lean:118:0: 'ECDSAAdd.SkywalkNat.step_exponent_budget' depends on axioms: [propext, Classical.choice, Quot.sound]
info: ECDSAAdd/Math/SkywalkTerminationBudget.lean:119:0: 'ECDSAAdd.SkywalkNat.iter_u_zero_budget' depends on axioms: [propext, Classical.choice, Quot.sound]
info: ECDSAAdd/Math/SkywalkTerminationBudget.lean:120:0: 'ECDSAAdd.SkywalkNat.terminates_2n_sub_one' depends on axioms: [propext, Classical.choice, Quot.sound]
info: ECDSAAdd/Math/SkywalkTerminationBudget.lean:121:0: 'ECDSAAdd.SkywalkNat.terminates_511' depends on axioms: [propext, Classical.choice, Quot.sound]
info: ECDSAAdd/Math/SkywalkTerminationBudget.lean:122:0: 'ECDSAAdd.SkywalkNat.terminal_padding' depends on axioms: [propext, Classical.choice, Quot.sound]
ℹ [3712/4011] Replayed ECDSAAdd.Math.SkywalkTerminalLastControls
info: ECDSAAdd/Math/SkywalkTerminalLastControls.lean:73:0: 'ECDSAAdd.SkywalkTrace.code_after_budget' depends on axioms: [propext, Classical.choice, Quot.sound]
info: ECDSAAdd/Math/SkywalkTerminalLastControls.lean:74:0: 'ECDSAAdd.SkywalkTrace.trace512_last' depends on axioms: [propext, Classical.choice, Quot.sound]
info: ECDSAAdd/Math/SkywalkTerminalLastControls.lean:75:0: 'ECDSAAdd.SkywalkTrace.unit_trace512_last' depends on axioms: [propext, Classical.choice, Quot.sound]
ℹ [3713/4011] Replayed ECDSAAdd.Math.SkywalkTerminalMixedControls
info: ECDSAAdd/Math/SkywalkTerminalMixedControls.lean:87:0: 'ECDSAAdd.SkywalkTrace.record_index511_controls' depends on axioms: [propext, Classical.choice, Quot.sound]
info: ECDSAAdd/Math/SkywalkTerminalMixedControls.lean:88:0: 'ECDSAAdd.SkywalkTrace.mixed_controls_index511' depends on axioms: [propext, Classical.choice, Quot.sound]
info: ECDSAAdd/Math/SkywalkTerminalMixedControls.lean:89:0: 'ECDSAAdd.SkywalkTrace.mixed_letter_index511' depends on axioms: [propext, Classical.choice, Quot.sound]
ℹ [3714/4011] Replayed ECDSAAdd.Arithmetic.TerminalMixedTapeControls
info: ECDSAAdd/Arithmetic/TerminalMixedTapeControls.lean:32:0: 'ECDSAAdd.Arithmetic.terminalMixedLetter_controls' depends on axioms: [propext, Classical.choice, Quot.sound]
ℹ [3715/4011] Replayed ECDSAAdd.Arithmetic.TerminalMappedReplayPayload
info: ECDSAAdd/Arithmetic/TerminalMappedReplayPayload.lean:103:0: 'ECDSAAdd.Arithmetic.MappedCompressed.trimLetters_quotient' depends on axioms: [propext, Classical.choice, Quot.sound]
info: ECDSAAdd/Arithmetic/TerminalMappedReplayPayload.lean:104:0: 'ECDSAAdd.Arithmetic.MappedCompressed.trimLetters_product' depends on axioms: [propext, Classical.choice, Quot.sound]
ℹ [3716/4011] Replayed ECDSAAdd.Arithmetic.TerminalMappedReplayCore
info: ECDSAAdd/Arithmetic/TerminalMappedReplayCore.lean:130:0: 'ECDSAAdd.Arithmetic.CompressedFieldSupport.trim_grouped_encoded_replays' depends on axioms: [propext,
 Classical.choice,
 Quot.sound]
ℹ [3717/4011] Replayed ECDSAAdd.Arithmetic.TerminalMappedReplayTrim
info: ECDSAAdd/Arithmetic/TerminalMappedReplayTrim.lean:44:0: 'ECDSAAdd.Arithmetic.MappedCompressed.trimReplay_support' depends on axioms: [propext, Classical.choice, Quot.sound]
info: ECDSAAdd/Arithmetic/TerminalMappedReplayTrim.lean:45:0: 'ECDSAAdd.Arithmetic.MappedCompressed.trimReplay_counts' depends on axioms: [propext, Classical.choice, Quot.sound]
info: ECDSAAdd/Arithmetic/TerminalMappedReplayTrim.lean:46:0: 'ECDSAAdd.Arithmetic.MappedCompressed.trimReplay_count_saving' depends on axioms: [propext,
 Classical.choice,
 Quot.sound]
ℹ [3718/4011] Replayed ECDSAAdd.Arithmetic.MappedCompressedPacketSupport
info: ECDSAAdd/Arithmetic/MappedCompressedPacketSupport.lean:52:0: 'ECDSAAdd.Arithmetic.MappedCompressed.packet_structural_support' depends on axioms: [propext,
 Classical.choice,
 Quot.sound]
ℹ [3719/4011] Replayed ECDSAAdd.Arithmetic.CompressedAllocationBoundary
info: ECDSAAdd/Arithmetic/CompressedAllocationBoundary.lean:117:0: 'ECDSAAdd.Arithmetic.CompressedAllocation.caller_zero_boundary' depends on axioms: [propext,
 Classical.choice,
 Quot.sound]
info: ECDSAAdd/Arithmetic/CompressedAllocationBoundary.lean:118:0: 'ECDSAAdd.Arithmetic.CompressedAllocation.pi_boundary' depends on axioms: [propext, Classical.choice, Quot.sound]
info: ECDSAAdd/Arithmetic/CompressedAllocationBoundary.lean:119:0: 'ECDSAAdd.Arithmetic.CompressedAllocation.reencode_zero_boundary' depends on axioms: [propext,
 Classical.choice,
 Quot.sound]
ℹ [3720/4011] Replayed ECDSAAdd.Arithmetic.CompressedAllocationSwitch
info: ECDSAAdd/Arithmetic/CompressedAllocationSwitch.lean:58:0: 'ECDSAAdd.Arithmetic.CompressedAllocation.switch_zero_placements' depends on axioms: [propext,
 Classical.choice,
 Quot.sound]
info: ECDSAAdd/Arithmetic/CompressedAllocationSwitch.lean:59:0: 'ECDSAAdd.Arithmetic.CompressedAllocation.run_switch_zero_placements' depends on axioms: [propext,
 Classical.choice,
 Quot.sound]
info: ECDSAAdd/Arithmetic/CompressedAllocationSwitch.lean:60:0: 'ECDSAAdd.Arithmetic.CompressedAllocation.run_switch_packet_placements' depends on axioms: [propext,
 Classical.choice,
 Quot.sound]
ℹ [3721/4011] Replayed ECDSAAdd.Arithmetic.CompressedFieldEncodedZeros
info: ECDSAAdd/Arithmetic/CompressedFieldEncodedZeros.lean:121:0: 'ECDSAAdd.Arithmetic.CompressedFieldSupport.allGroupEncode_holes_zero' depends on axioms: [propext,
 Classical.choice,
 Quot.sound]
info: ECDSAAdd/Arithmetic/CompressedFieldEncodedZeros.lean:122:0: 'ECDSAAdd.Arithmetic.CompressedFieldSupport.encoded_work_zero' depends on axioms: [propext,
 Classical.choice,
 Quot.sound]
info: ECDSAAdd/Arithmetic/CompressedFieldEncodedZeros.lean:123:0: 'ECDSAAdd.Arithmetic.CompressedFieldSupport.encoded_zero_region' depends on axioms: [propext,
 Classical.choice,
 Quot.sound]
info: ECDSAAdd/Arithmetic/CompressedFieldEncodedZeros.lean:124:0: 'ECDSAAdd.Arithmetic.CompressedFieldSupport.run_switch_encoded_boundary' depends on axioms: [propext,
 Classical.choice,
 Quot.sound]
ℹ [3722/4011] Replayed ECDSAAdd.Arithmetic.MappedCompressedCleanTransport
info: ECDSAAdd/Arithmetic/MappedCompressedCleanTransport.lean:59:0: 'ECDSAAdd.Arithmetic.MappedCompressed.shifted_zero_boundary' depends on axioms: [propext, Classical.choice, Quot.sound]
info: ECDSAAdd/Arithmetic/MappedCompressedCleanTransport.lean:60:0: 'ECDSAAdd.Arithmetic.MappedCompressed.mappedGroup_state_eq' depends on axioms: [propext, Classical.choice, Quot.sound]
ℹ [3723/4011] Replayed ECDSAAdd.Arithmetic.MappedCompressedPacketFrame
info: ECDSAAdd/Arithmetic/MappedCompressedPacketFrame.lean:35:0: 'ECDSAAdd.Arithmetic.MappedCompressed.mappedGroup_encoded_step' depends on axioms: [propext,
 Classical.choice,
 Quot.sound]
ℹ [3724/4011] Replayed ECDSAAdd.Framework.PacketSequenceFrame
info: ECDSAAdd/Framework/PacketSequenceFrame.lean:72:0: 'ECDSAAdd.PacketSequence.frame' depends on axioms: [propext, Quot.sound]
ℹ [3725/4011] Replayed ECDSAAdd.Arithmetic.MappedCompressedGroupsFrame
info: ECDSAAdd/Arithmetic/MappedCompressedGroupsFrame.lean:89:0: 'ECDSAAdd.Arithmetic.MappedCompressed.mappedGroups_frame' depends on axioms: [propext, Classical.choice, Quot.sound]
ℹ [3726/4011] Replayed ECDSAAdd.Arithmetic.MappedCompressedTailFrame
info: ECDSAAdd/Arithmetic/MappedCompressedTailFrame.lean:94:0: 'ECDSAAdd.Arithmetic.MappedCompressed.baseTail_eq_replay' depends on axioms: [propext, Classical.choice, Quot.sound]
info: ECDSAAdd/Arithmetic/MappedCompressedTailFrame.lean:95:0: 'ECDSAAdd.Arithmetic.MappedCompressed.tailProgram_state_eq' depends on axioms: [propext, Classical.choice, Quot.sound]
info: ECDSAAdd/Arithmetic/MappedCompressedTailFrame.lean:96:0: 'ECDSAAdd.Arithmetic.MappedCompressed.tailProgram_encoded_step' depends on axioms: [propext,
 Classical.choice,
 Quot.sound]
ℹ [3727/4011] Replayed ECDSAAdd.Framework.RunAppendAgreement
info: ECDSAAdd/Framework/RunAppendAgreement.lean:15:0: 'ECDSAAdd.run_append_agreement' depends on axioms: [propext]
ℹ [3728/4011] Replayed ECDSAAdd.Arithmetic.MappedCompressedReplayFrame
info: ECDSAAdd/Arithmetic/MappedCompressedReplayFrame.lean:88:0: 'ECDSAAdd.Arithmetic.MappedCompressed.mappedReplay_reference' depends on axioms: [propext, Classical.choice, Quot.sound]
ℹ [3729/4011] Replayed ECDSAAdd.Arithmetic.MappedCompressedEncodedFrameLayout
info: ECDSAAdd/Arithmetic/MappedCompressedEncodedFrameLayout.lean:71:0: 'ECDSAAdd.Arithmetic.MappedCompressed.mixedTape_getD_layout' depends on axioms: [propext, Classical.choice, Quot.sound]
info: ECDSAAdd/Arithmetic/MappedCompressedEncodedFrameLayout.lean:72:0: 'ECDSAAdd.Arithmetic.MappedCompressed.packet_layouts' depends on axioms: [propext, Classical.choice, Quot.sound]
info: ECDSAAdd/Arithmetic/MappedCompressedEncodedFrameLayout.lean:73:0: 'ECDSAAdd.Arithmetic.MappedCompressed.tail_layout' depends on axioms: [propext, Classical.choice, Quot.sound]
ℹ [3730/4011] Replayed ECDSAAdd.Arithmetic.TerminalMappedReplayReference
info: ECDSAAdd/Arithmetic/TerminalMappedReplayReference.lean:160:0: 'ECDSAAdd.Arithmetic.MappedCompressed.trimCell_step' depends on axioms: [propext, Classical.choice, Quot.sound]
info: ECDSAAdd/Arithmetic/TerminalMappedReplayReference.lean:161:0: 'ECDSAAdd.Arithmetic.MappedCompressed.trimReplay_reference' depends on axioms: [propext, Classical.choice, Quot.sound]
ℹ [3731/4011] Replayed ECDSAAdd.Arithmetic.MappedCompressedReplaySpec
info: ECDSAAdd/Arithmetic/MappedCompressedReplaySpec.lean:36:0: 'ECDSAAdd.Arithmetic.MappedCompressed.mappedReplay_spec' depends on axioms: [propext, Classical.choice, Quot.sound]
ℹ [3732/4011] Replayed ECDSAAdd.Arithmetic.PairFrameUnique
info: ECDSAAdd/Arithmetic/PairFrameUnique.lean:53:0: 'ECDSAAdd.Arithmetic.regValue_equal_bits' depends on axioms: [propext, Quot.sound]
info: ECDSAAdd/Arithmetic/PairFrameUnique.lean:54:0: 'ECDSAAdd.Arithmetic.PairFrame.unique' depends on axioms: [propext, Quot.sound]
info: ECDSAAdd/Arithmetic/PairFrameUnique.lean:55:0: 'ECDSAAdd.Arithmetic.PairFrame.program_eq' depends on axioms: [propext, Quot.sound]
ℹ [3733/4011] Replayed ECDSAAdd.Arithmetic.TerminalMappedReplayTrimProof
info: ECDSAAdd/Arithmetic/TerminalMappedReplayTrimProof.lean:113:0: 'ECDSAAdd.Arithmetic.MappedCompressed.trimReplay_frame' depends on axioms: [propext, Classical.choice, Quot.sound]
info: ECDSAAdd/Arithmetic/TerminalMappedReplayTrimProof.lean:114:0: 'ECDSAAdd.Arithmetic.MappedCompressed.trimReplay_spec' depends on axioms: [propext, Classical.choice, Quot.sound]
info: ECDSAAdd/Arithmetic/TerminalMappedReplayTrimProof.lean:115:0: 'ECDSAAdd.Arithmetic.MappedCompressed.trimReplay_old_eq' depends on axioms: [propext, Classical.choice, Quot.sound]
ℹ [3734/4011] Replayed ECDSAAdd.Arithmetic.MappedCompressedConversionNaturality
info: ECDSAAdd/Arithmetic/MappedCompressedConversionNaturality.lean:153:0: 'ECDSAAdd.Arithmetic.FieldRename.literalConstAdd_natural' depends on axioms: [propext]
info: ECDSAAdd/Arithmetic/MappedCompressedConversionNaturality.lean:154:0: 'ECDSAAdd.Arithmetic.FieldRename.compareLtConst_natural' depends on axioms: [propext]
info: ECDSAAdd/Arithmetic/MappedCompressedConversionNaturality.lean:155:0: 'ECDSAAdd.Arithmetic.FieldRename.convert_center_natural' depends on axioms: [propext, Quot.sound]
info: ECDSAAdd/Arithmetic/MappedCompressedConversionNaturality.lean:156:0: 'ECDSAAdd.Arithmetic.FieldRename.convert_canonical_natural' depends on axioms: [propext, Quot.sound]
info: ECDSAAdd/Arithmetic/MappedCompressedConversionNaturality.lean:157:0: 'ECDSAAdd.Arithmetic.MappedCompressed.allPlaced_converterPair_natural' depends on axioms: [propext,
 Classical.choice,
 Quot.sound]
ℹ [3735/4011] Replayed ECDSAAdd.Arithmetic.MappedCompressedConversionPlacement
info: ECDSAAdd/Arithmetic/MappedCompressedConversionPlacement.lean:54:0: 'ECDSAAdd.Arithmetic.MappedCompressed.converterPair_placement' depends on axioms: [propext,
 Classical.choice,
 Quot.sound]
ℹ [3736/4011] Replayed ECDSAAdd.Arithmetic.MappedCompressedConversionEncoding
info: ECDSAAdd/Arithmetic/MappedCompressedConversionEncoding.lean:68:0: 'ECDSAAdd.Arithmetic.MappedCompressed.encoder_conversion_disjoint' depends on axioms: [propext,
 Classical.choice,
 Quot.sound]
info: ECDSAAdd/Arithmetic/MappedCompressedConversionEncoding.lean:69:0: 'ECDSAAdd.Arithmetic.MappedCompressed.mapped_converter_encoding' depends on axioms: [propext,
 Classical.choice,
 Quot.sound]
ℹ [3737/4011] Replayed ECDSAAdd.Arithmetic.MappedCompressedCanonicalFrame
info: ECDSAAdd/Arithmetic/MappedCompressedCanonicalFrame.lean:164:0: 'ECDSAAdd.Arithmetic.MappedCompressed.encoded_canonical_zero_region' depends on axioms: [propext,
 Classical.choice,
 Quot.sound]
info: ECDSAAdd/Arithmetic/MappedCompressedCanonicalFrame.lean:165:0: 'ECDSAAdd.Arithmetic.MappedCompressed.encoded_center_pair' depends on axioms: [propext, Classical.choice, Quot.sound]
info: ECDSAAdd/Arithmetic/MappedCompressedCanonicalFrame.lean:166:0: 'ECDSAAdd.Arithmetic.MappedCompressed.encoded_canonical_pair' depends on axioms: [propext, Classical.choice, Quot.sound]
ℹ [3738/4011] Replayed ECDSAAdd.Framework.RunThreeStates
info: ECDSAAdd/Framework/RunThreeStates.lean:14:0: 'ECDSAAdd.run_three_states' depends on axioms: [propext]
ℹ [3739/4011] Replayed ECDSAAdd.Arithmetic.MappedCompressedCanonicalReplay
info: ECDSAAdd/Arithmetic/MappedCompressedCanonicalReplay.lean:56:0: 'ECDSAAdd.Arithmetic.MappedCompressed.canonicalMappedReplay_spec' depends on axioms: [propext,
 Classical.choice,
 Quot.sound]
ℹ [3740/4011] Replayed ECDSAAdd.Arithmetic.MappedCompressedUnaryNaturality
info: ECDSAAdd/Arithmetic/MappedCompressedUnaryNaturality.lean:105:0: 'ECDSAAdd.Arithmetic.FieldRename.borrowed_dbl_natural' depends on axioms: [propext]
info: ECDSAAdd/Arithmetic/MappedCompressedUnaryNaturality.lean:106:0: 'ECDSAAdd.Arithmetic.FieldRename.borrowed_half_natural' depends on axioms: [propext]
info: ECDSAAdd/Arithmetic/MappedCompressedUnaryNaturality.lean:107:0: 'ECDSAAdd.Arithmetic.MappedCompressed.allPlaced_dbl_natural' depends on axioms: [propext, Classical.choice, Quot.sound]
info: ECDSAAdd/Arithmetic/MappedCompressedUnaryNaturality.lean:108:0: 'ECDSAAdd.Arithmetic.MappedCompressed.allPlaced_half_natural' depends on axioms: [propext, Classical.choice, Quot.sound]
ℹ [3741/4011] Replayed ECDSAAdd.Arithmetic.MappedCompressedCopyEndpoint
info: ECDSAAdd/Arithmetic/MappedCompressedCopyEndpoint.lean:76:0: 'ECDSAAdd.Arithmetic.MappedCompressed.copyPair_placement' depends on axioms: [propext, Classical.choice, Quot.sound]
info: ECDSAAdd/Arithmetic/MappedCompressedCopyEndpoint.lean:77:0: 'ECDSAAdd.Arithmetic.MappedCompressed.copyPair_fill' depends on axioms: [propext, Classical.choice, Quot.sound]
info: ECDSAAdd/Arithmetic/MappedCompressedCopyEndpoint.lean:78:0: 'ECDSAAdd.Arithmetic.MappedCompressed.copyPair_clear' depends on axioms: [propext, Classical.choice, Quot.sound]
ℹ [3742/4011] Replayed ECDSAAdd.Arithmetic.MappedCompressedEndpointEncodingSupport
info: ECDSAAdd/Arithmetic/MappedCompressedEndpointEncodingSupport.lean:117:0: 'ECDSAAdd.Arithmetic.MappedCompressed.encoder_unary_disjoint' depends on axioms: [propext, Classical.choice, Quot.sound]
info: ECDSAAdd/Arithmetic/MappedCompressedEndpointEncodingSupport.lean:118:0: 'ECDSAAdd.Arithmetic.MappedCompressed.encoder_copy_disjoint' depends on axioms: [propext, Classical.choice, Quot.sound]
info: ECDSAAdd/Arithmetic/MappedCompressedEndpointEncodingSupport.lean:119:0: 'ECDSAAdd.Arithmetic.MappedCompressed.encoder_unary_commute' depends on axioms: [propext, Classical.choice, Quot.sound]
info: ECDSAAdd/Arithmetic/MappedCompressedEndpointEncodingSupport.lean:120:0: 'ECDSAAdd.Arithmetic.MappedCompressed.encoder_copy_commute' depends on axioms: [propext, Classical.choice, Quot.sound]
ℹ [3743/4011] Replayed ECDSAAdd.Arithmetic.MappedCompressedEncodedEndpoints
info: ECDSAAdd/Arithmetic/MappedCompressedEncodedEndpoints.lean:136:0: 'ECDSAAdd.Arithmetic.MappedCompressed.encoded_unary_step' depends on axioms: [propext, Classical.choice, Quot.sound]
info: ECDSAAdd/Arithmetic/MappedCompressedEncodedEndpoints.lean:137:0: 'ECDSAAdd.Arithmetic.MappedCompressed.mapped_unary_state_eq' depends on axioms: [propext, Classical.choice, Quot.sound]
info: ECDSAAdd/Arithmetic/MappedCompressedEncodedEndpoints.lean:138:0: 'ECDSAAdd.Arithmetic.MappedCompressed.mapped_unary_step' depends on axioms: [propext, Classical.choice, Quot.sound]
info: ECDSAAdd/Arithmetic/MappedCompressedEncodedEndpoints.lean:139:0: 'ECDSAAdd.Arithmetic.MappedCompressed.mapped_copy_fill' depends on axioms: [propext, Classical.choice, Quot.sound]
info: ECDSAAdd/Arithmetic/MappedCompressedEncodedEndpoints.lean:140:0: 'ECDSAAdd.Arithmetic.MappedCompressed.mapped_copy_clear' depends on axioms: [propext, Classical.choice, Quot.sound]
ℹ [3744/4011] Replayed ECDSAAdd.Arithmetic.MappedCompressedFieldSegmentSpec
info: ECDSAAdd/Arithmetic/MappedCompressedFieldSegmentSpec.lean:83:0: 'ECDSAAdd.Arithmetic.MappedCompressed.fieldSegment_spec' depends on axioms: [propext, Classical.choice, Quot.sound]
ℹ [3745/4011] Replayed ECDSAAdd.Arithmetic.TerminalMappedFieldSegment
info: ECDSAAdd/Arithmetic/TerminalMappedFieldSegment.lean:115:0: 'ECDSAAdd.Arithmetic.MappedCompressed.canonicalTrimReplay_spec' depends on axioms: [propext,
 Classical.choice,
 Quot.sound]
info: ECDSAAdd/Arithmetic/TerminalMappedFieldSegment.lean:116:0: 'ECDSAAdd.Arithmetic.MappedCompressed.fieldTrimSegment_spec' depends on axioms: [propext, Classical.choice, Quot.sound]
ℹ [3746/4011] Replayed ECDSAAdd.Arithmetic.TerminalMappedReplayResources
info: ECDSAAdd/Arithmetic/TerminalMappedReplayResources.lean:35:0: 'ECDSAAdd.Arithmetic.MappedCompressed.fieldTrimSegment_support' depends on axioms: [propext,
 Classical.choice,
 Quot.sound]
info: ECDSAAdd/Arithmetic/TerminalMappedReplayResources.lean:36:0: 'ECDSAAdd.Arithmetic.MappedCompressed.fieldTrimSegment_counts' depends on axioms: [propext,
 Classical.choice,
 Quot.sound]
ℹ [3747/4011] Replayed ECDSAAdd.Arithmetic.EndpointSwapTrimProgram
info: ECDSAAdd/Arithmetic/EndpointSwapTrimProgram.lean:37:0: 'ECDSAAdd.Arithmetic.EndpointSwapTrim.counts' depends on axioms: [propext, Classical.choice, Quot.sound]
ℹ [3748/4011] Replayed ECDSAAdd.Arithmetic.OffsetBorrowedSerializedCellProgram
info: ECDSAAdd/Arithmetic/OffsetBorrowedSerializedCellProgram.lean:136:0: 'ECDSAAdd.Arithmetic.OffsetBorrowedSerialized.counts' depends on axioms: [propext, Classical.choice, Quot.sound]
info: ECDSAAdd/Arithmetic/OffsetBorrowedSerializedCellProgram.lean:137:0: 'ECDSAAdd.Arithmetic.OffsetBorrowedSerialized.forward_counts' depends on axioms: [propext, Classical.choice, Quot.sound]
info: ECDSAAdd/Arithmetic/OffsetBorrowedSerializedCellProgram.lean:138:0: 'ECDSAAdd.Arithmetic.OffsetBorrowedSerialized.inverse_counts' depends on axioms: [propext, Classical.choice, Quot.sound]
info: ECDSAAdd/Arithmetic/OffsetBorrowedSerializedCellProgram.lean:139:0: 'ECDSAAdd.Arithmetic.OffsetBorrowedSerialized.support' depends on axioms: [propext, Classical.choice, Quot.sound]
info: ECDSAAdd/Arithmetic/OffsetBorrowedSerializedCellProgram.lean:140:0: 'ECDSAAdd.Arithmetic.OffsetBorrowedSerialized.omitted_effS_away' depends on axioms: [propext,
 Classical.choice,
 Quot.sound]
ℹ [3749/4011] Replayed ECDSAAdd.Arithmetic.OffsetBorrowedSerializedCellProof
info: ECDSAAdd/Arithmetic/OffsetBorrowedSerializedCellProof.lean:196:0: 'ECDSAAdd.Arithmetic.OffsetBorrowedSerialized.half_eq' depends on axioms: [propext, Classical.choice, Quot.sound]
info: ECDSAAdd/Arithmetic/OffsetBorrowedSerializedCellProof.lean:197:0: 'ECDSAAdd.Arithmetic.OffsetBorrowedSerialized.cell_frame' depends on axioms: [propext, Classical.choice, Quot.sound]
ℹ [3750/4011] Replayed ECDSAAdd.Arithmetic.EndpointSwapTrimProof
info: ECDSAAdd/Arithmetic/EndpointSwapTrimProof.lean:195:0: 'ECDSAAdd.Arithmetic.EndpointSwapTrim.partial_frame' depends on axioms: [propext, Classical.choice, Quot.sound]
info: ECDSAAdd/Arithmetic/EndpointSwapTrimProof.lean:196:0: 'ECDSAAdd.Arithmetic.EndpointSwapTrim.swap_window_state' depends on axioms: [propext, Classical.choice, Quot.sound]
info: ECDSAAdd/Arithmetic/EndpointSwapTrimProof.lean:197:0: 'ECDSAAdd.Arithmetic.EndpointSwapTrim.forward_dup_of_payload_equal' depends on axioms: [propext,
 Classical.choice,
 Quot.sound]
info: ECDSAAdd/Arithmetic/EndpointSwapTrimProof.lean:198:0: 'ECDSAAdd.Arithmetic.EndpointSwapTrim.forward_support_subset' depends on axioms: [propext, Classical.choice, Quot.sound]
info: ECDSAAdd/Arithmetic/EndpointSwapTrimProof.lean:199:0: 'ECDSAAdd.Arithmetic.EndpointSwapTrim.inverse_support_subset' depends on axioms: [propext, Classical.choice, Quot.sound]
info: ECDSAAdd/Arithmetic/EndpointSwapTrimProof.lean:200:0: 'ECDSAAdd.Arithmetic.EndpointSwapTrim.forward_oldcell_eq' depends on axioms: [propext, Classical.choice, Quot.sound]
info: ECDSAAdd/Arithmetic/EndpointSwapTrimProof.lean:201:0: 'ECDSAAdd.Arithmetic.EndpointSwapTrim.inverse_oldcell_eq' depends on axioms: [propext, Classical.choice, Quot.sound]
ℹ [3751/4011] Replayed ECDSAAdd.Arithmetic.PenultimateSwapIdentity
info: ECDSAAdd/Arithmetic/PenultimateSwapIdentity.lean:87:0: 'ECDSAAdd.Arithmetic.PenultimateSwapIdentity.cell_counts' depends on axioms: [propext, Classical.choice, Quot.sound]
info: ECDSAAdd/Arithmetic/PenultimateSwapIdentity.lean:88:0: 'ECDSAAdd.Arithmetic.PenultimateSwapIdentity.cell_saving' depends on axioms: [propext, Classical.choice, Quot.sound]
info: ECDSAAdd/Arithmetic/PenultimateSwapIdentity.lean:89:0: 'ECDSAAdd.Arithmetic.PenultimateSwapIdentity.penultimate_half_dup' depends on axioms: [propext,
 Classical.choice,
 Quot.sound]
ℹ [3752/4011] Replayed ECDSAAdd.Arithmetic.EntryFieldSeedCancellation
info: ECDSAAdd/Arithmetic/EntryFieldSeedCancellation.lean:199:0: 'ECDSAAdd.Arithmetic.EntryFieldSeedCancellation.entry_frames' depends on axioms: [propext, Classical.choice, Quot.sound]
info: ECDSAAdd/Arithmetic/EntryFieldSeedCancellation.lean:200:0: 'ECDSAAdd.Arithmetic.EntryFieldSeedCancellation.entry_state_eq' depends on axioms: [propext,
 Classical.choice,
 Quot.sound]
info: ECDSAAdd/Arithmetic/EntryFieldSeedCancellation.lean:201:0: 'ECDSAAdd.Arithmetic.EntryFieldSeedCancellation.counts' depends on axioms: [propext, Classical.choice, Quot.sound]
ℹ [3753/4011] Replayed ECDSAAdd.Arithmetic.EntryMappedFieldSegmentTrim
info: ECDSAAdd/Arithmetic/EntryMappedFieldSegmentTrim.lean:190:0: 'ECDSAAdd.Arithmetic.EntryMappedFieldSegmentTrim.fieldSegment_support' depends on axioms: [propext,
 Classical.choice,
 Quot.sound]
info: ECDSAAdd/Arithmetic/EntryMappedFieldSegmentTrim.lean:191:0: 'ECDSAAdd.Arithmetic.EntryMappedFieldSegmentTrim.fieldSegment_counts' depends on axioms: [propext,
 Classical.choice,
 Quot.sound]
ℹ [3754/4011] Replayed ECDSAAdd.Arithmetic.EntryMappedFieldSegmentTrimProof
info: ECDSAAdd/Arithmetic/EntryMappedFieldSegmentTrimProof.lean:97:0: 'ECDSAAdd.Arithmetic.EntryMappedFieldSegmentTrim.firstGroup_eq_rename' depends on axioms: [propext,
 Classical.choice,
 Quot.sound]
info: ECDSAAdd/Arithmetic/EntryMappedFieldSegmentTrimProof.lean:98:0: 'ECDSAAdd.Arithmetic.EntryMappedFieldSegmentTrim.encoded_field_unique' depends on axioms: [propext,
 Classical.choice,
 Quot.sound]
info: ECDSAAdd/Arithmetic/EntryMappedFieldSegmentTrimProof.lean:99:0: 'ECDSAAdd.Arithmetic.EntryMappedFieldSegmentTrim.raw_entry_suffix_eq' depends on axioms: [propext,
 Classical.choice,
 Quot.sound]
ℹ [3755/4011] Replayed ECDSAAdd.Arithmetic.EntryBodySupport
info: ECDSAAdd/Arithmetic/EntryBodySupport.lean:38:0: 'ECDSAAdd.Arithmetic.EntryBodySupport.renamed_three_support' depends on axioms: [propext, Classical.choice, Quot.sound]
info: ECDSAAdd/Arithmetic/EntryBodySupport.lean:39:0: 'ECDSAAdd.Arithmetic.EntryBodySupport.renamed_logical_support' depends on axioms: [propext,
 Classical.choice,
 Quot.sound]
ℹ [3756/4011] Replayed ECDSAAdd.Arithmetic.EntrySelectedSwapFrame
info: ECDSAAdd/Arithmetic/EntrySelectedSwapFrame.lean:112:0: 'ECDSAAdd.Arithmetic.EntrySelectedSwapFrame.selectedSwap_frame' depends on axioms: [propext,
 Classical.choice,
 Quot.sound]
info: ECDSAAdd/Arithmetic/EntrySelectedSwapFrame.lean:113:0: 'ECDSAAdd.Arithmetic.EntrySelectedSwapFrame.encoded_window_step' depends on axioms: [propext,
 Classical.choice,
 Quot.sound]
ℹ [3757/4011] Replayed ECDSAAdd.Arithmetic.EntryInversePayload
info: ECDSAAdd/Arithmetic/EntryInversePayload.lean:70:0: 'ECDSAAdd.Arithmetic.EntryInversePayload.inverse_groups_payload' depends on axioms: [propext,
 Classical.choice,
 Quot.sound]
info: ECDSAAdd/Arithmetic/EntryInversePayload.lean:71:0: 'ECDSAAdd.Arithmetic.EntryInversePayload.inverse_boundary' depends on axioms: [propext, Classical.choice, Quot.sound]
info: ECDSAAdd/Arithmetic/EntryInversePayload.lean:72:0: 'ECDSAAdd.Arithmetic.EntryInversePayload.remove_final_double' depends on axioms: [propext, Classical.choice, Quot.sound]
ℹ [3758/4011] Replayed ECDSAAdd.Arithmetic.EntryInverseFirstGroupFrame
info: ECDSAAdd/Arithmetic/EntryInverseFirstGroupFrame.lean:145:0: 'ECDSAAdd.Arithmetic.EntryMappedFieldSegmentTrim.inverseBody_support' depends on axioms: [propext,
 Classical.choice,
 Quot.sound]
info: ECDSAAdd/Arithmetic/EntryInverseFirstGroupFrame.lean:146:0: 'ECDSAAdd.Arithmetic.EntryMappedFieldSegmentTrim.firstGroup_inverse_step' depends on axioms: [propext,
 Classical.choice,
 Quot.sound]
ℹ [3759/4011] Replayed ECDSAAdd.Arithmetic.EntryBodySupportConcrete
info: ECDSAAdd/Arithmetic/EntryBodySupportConcrete.lean:31:0: 'ECDSAAdd.Arithmetic.EntryBodySupport.first_body_support' depends on axioms: [propext, Classical.choice, Quot.sound]
ℹ [3760/4011] Replayed ECDSAAdd.Arithmetic.EntryMappedFieldSegmentTrimForward
info: ECDSAAdd/Arithmetic/EntryMappedFieldSegmentTrimForward.lean:222:0: 'ECDSAAdd.Arithmetic.EntryMappedFieldSegmentTrim.firstBody_frame' depends on axioms: [propext,
 Classical.choice,
 Quot.sound]
info: ECDSAAdd/Arithmetic/EntryMappedFieldSegmentTrimForward.lean:223:0: 'ECDSAAdd.Arithmetic.EntryMappedFieldSegmentTrim.firstGroup_forward_step' depends on axioms: [propext,
 Classical.choice,
 Quot.sound]
info: ECDSAAdd/Arithmetic/EntryMappedFieldSegmentTrimForward.lean:225:0: 'ECDSAAdd.Arithmetic.EntryMappedFieldSegmentTrim.forward_prefix_state_eq' depends on axioms: [propext,
 Classical.choice,
 Quot.sound]
info: ECDSAAdd/Arithmetic/EntryMappedFieldSegmentTrimForward.lean:226:0: 'ECDSAAdd.Arithmetic.EntryMappedFieldSegmentTrim.fieldTrimSegment_forward_spec' depends on axioms: [propext,
 Classical.choice,
 Quot.sound]
ℹ [3761/4011] Replayed ECDSAAdd.Arithmetic.EntryMappedFieldSegmentTrimTerminal
info: ECDSAAdd/Arithmetic/EntryMappedFieldSegmentTrimTerminal.lean:128:0: 'ECDSAAdd.Arithmetic.EntryMappedFieldSegmentTrim.terminalFieldSegment_support' depends on axioms: [propext,
 Classical.choice,
 Quot.sound]
info: ECDSAAdd/Arithmetic/EntryMappedFieldSegmentTrimTerminal.lean:129:0: 'ECDSAAdd.Arithmetic.EntryMappedFieldSegmentTrim.terminalFieldSegment_counts' depends on axioms: [propext,
 Classical.choice,
 Quot.sound]
info: ECDSAAdd/Arithmetic/EntryMappedFieldSegmentTrimTerminal.lean:130:0: 'ECDSAAdd.Arithmetic.EntryMappedFieldSegmentTrim.terminalFieldTrimSegment_forward_spec' depends on axioms: [propext,
 Classical.choice,
 Quot.sound]
ℹ [3762/4011] Replayed ECDSAAdd.Arithmetic.EntryMappedFieldSegmentTrimInverse
info: ECDSAAdd/Arithmetic/EntryMappedFieldSegmentTrimInverse.lean:145:0: 'ECDSAAdd.Arithmetic.EntryMappedFieldSegmentTrim.terminalReplay_inverse_spec' depends on axioms: [propext,
 Classical.choice,
 Quot.sound]
info: ECDSAAdd/Arithmetic/EntryMappedFieldSegmentTrimInverse.lean:146:0: 'ECDSAAdd.Arithmetic.EntryMappedFieldSegmentTrim.terminalFieldTrimSegment_inverse_spec' depends on axioms: [propext,
 Classical.choice,
 Quot.sound]
info: ECDSAAdd/Arithmetic/EntryMappedFieldSegmentTrimInverse.lean:147:0: 'ECDSAAdd.Arithmetic.EntryMappedFieldSegmentTrim.inverse_entry_resources' depends on axioms: [propext,
 Classical.choice,
 Quot.sound]
info: ECDSAAdd/Arithmetic/EntryMappedFieldSegmentTrimInverse.lean:148:0: 'ECDSAAdd.Arithmetic.EntryMappedFieldSegmentTrim.inverse_entry_support' depends on axioms: [propext,
 Classical.choice,
 Quot.sound]
info: ECDSAAdd/Arithmetic/EntryMappedFieldSegmentTrimInverse.lean:149:0: 'ECDSAAdd.Arithmetic.EntryMappedFieldSegmentTrim.inverse_entry_saving' depends on axioms: [propext,
 Classical.choice,
 Quot.sound]
ℹ [3763/4011] Replayed ECDSAAdd.Arithmetic.PenultimateMappedProgram
info: ECDSAAdd/Arithmetic/PenultimateMappedProgram.lean:59:0: 'ECDSAAdd.Arithmetic.PenultimateMapped.replay_counts' depends on axioms: [propext, Classical.choice, Quot.sound]
info: ECDSAAdd/Arithmetic/PenultimateMappedProgram.lean:60:0: 'ECDSAAdd.Arithmetic.PenultimateMapped.fieldSegment_counts' depends on axioms: [propext, Classical.choice, Quot.sound]
info: ECDSAAdd/Arithmetic/PenultimateMappedProgram.lean:61:0: 'ECDSAAdd.Arithmetic.PenultimateMapped.saving' depends on axioms: [propext, Classical.choice, Quot.sound]
ℹ [3764/4011] Replayed ECDSAAdd.Arithmetic.PenultimateMappedCellProof
info: ECDSAAdd/Arithmetic/PenultimateMappedCellProof.lean:207:0: 'ECDSAAdd.Arithmetic.PenultimateMappedCellProof.cell_natural' depends on axioms: [propext, Classical.choice, Quot.sound]
info: ECDSAAdd/Arithmetic/PenultimateMappedCellProof.lean:208:0: 'ECDSAAdd.Arithmetic.PenultimateMappedCellProof.support_subset' depends on axioms: [propext,
 Classical.choice,
 Quot.sound]
info: ECDSAAdd/Arithmetic/PenultimateMappedCellProof.lean:209:0: 'ECDSAAdd.Arithmetic.PenultimateMappedCellProof.forward_cell_eq' depends on axioms: [propext,
 Classical.choice,
 Quot.sound]
info: ECDSAAdd/Arithmetic/PenultimateMappedCellProof.lean:210:0: 'ECDSAAdd.Arithmetic.PenultimateMappedCellProof.inverse_cell_eq' depends on axioms: [propext,
 Classical.choice,
 Quot.sound]
ℹ [3765/4011] Replayed ECDSAAdd.Framework.ProgramContextEq
info: ECDSAAdd/Framework/ProgramContextEq.lean:37:0: 'ECDSAAdd.append_context_eq' depends on axioms: [propext]
info: ECDSAAdd/Framework/ProgramContextEq.lean:38:0: 'ECDSAAdd.suffix_context_eq' depends on axioms: [propext]
info: ECDSAAdd/Framework/ProgramContextEq.lean:39:0: 'ECDSAAdd.program_shape_context_eq' does not depend on any axioms
ℹ [3766/4011] Replayed ECDSAAdd.Framework.RecordPadding
info: ECDSAAdd/Framework/RecordPadding.lean:40:0: 'ECDSAAdd.run_replicate_false' does not depend on any axioms
info: ECDSAAdd/Framework/RecordPadding.lean:41:0: 'ECDSAAdd.run_pad_false' does not depend on any axioms
ℹ [3767/4011] Replayed ECDSAAdd.Arithmetic.PenultimateMappedForward
info: ECDSAAdd/Arithmetic/PenultimateMappedForward.lean:278:0: 'ECDSAAdd.Arithmetic.PenultimateMapped.forward_groups_payload' depends on axioms: [propext,
 Classical.choice,
 Quot.sound]
info: ECDSAAdd/Arithmetic/PenultimateMappedForward.lean:279:0: 'ECDSAAdd.Arithmetic.PenultimateMapped.fieldSegment_forward_spec' depends on axioms: [propext,
 Classical.choice,
 Quot.sound]
ℹ [3768/4011] Replayed ECDSAAdd.Arithmetic.PenultimateMappedInverse
info: ECDSAAdd/Arithmetic/PenultimateMappedInverse.lean:124:0: 'ECDSAAdd.Arithmetic.PenultimateMapped.replay_inverse_spec' depends on axioms: [propext, Classical.choice, Quot.sound]
info: ECDSAAdd/Arithmetic/PenultimateMappedInverse.lean:125:0: 'ECDSAAdd.Arithmetic.PenultimateMapped.fieldSegment_inverse_spec' depends on axioms: [propext,
 Classical.choice,
 Quot.sound]
ℹ [3769/4011] Replayed ECDSAAdd.Arithmetic.PenultimateMappedResources
info: ECDSAAdd/Arithmetic/PenultimateMappedResources.lean:49:0: 'ECDSAAdd.Arithmetic.PenultimateMapped.replay_support_sub' depends on axioms: [propext, Classical.choice, Quot.sound]
info: ECDSAAdd/Arithmetic/PenultimateMappedResources.lean:50:0: 'ECDSAAdd.Arithmetic.PenultimateMapped.fieldSegment_support_sub' depends on axioms: [propext,
 Classical.choice,
 Quot.sound]
info: ECDSAAdd/Arithmetic/PenultimateMappedResources.lean:51:0: 'ECDSAAdd.Arithmetic.PenultimateMapped.fieldSegment_support' depends on axioms: [propext, Classical.choice, Quot.sound]
ℹ [3770/4011] Replayed ECDSAAdd.Arithmetic.EntryForwardSelectedFieldSegment
info: ECDSAAdd/Arithmetic/EntryForwardSelectedFieldSegment.lean:54:0: 'ECDSAAdd.Arithmetic.MappedCompressed.selectedFieldSegment_support' depends on axioms: [propext,
 Classical.choice,
 Quot.sound]
info: ECDSAAdd/Arithmetic/EntryForwardSelectedFieldSegment.lean:55:0: 'ECDSAAdd.Arithmetic.MappedCompressed.selectedFieldSegment_counts' depends on axioms: [propext,
 Classical.choice,
 Quot.sound]
info: ECDSAAdd/Arithmetic/EntryForwardSelectedFieldSegment.lean:56:0: 'ECDSAAdd.Arithmetic.MappedCompressed.selectedFieldSegment_spec' depends on axioms: [propext,
 Classical.choice,
 Quot.sound]
ℹ [3771/4011] Replayed ECDSAAdd.Arithmetic.MappedCompressedStageSupport
info: ECDSAAdd/Arithmetic/MappedCompressedStageSupport.lean:188:0: 'ECDSAAdd.Arithmetic.MappedCompressed.integer_support' depends on axioms: [propext, Classical.choice, Quot.sound]
info: ECDSAAdd/Arithmetic/MappedCompressedStageSupport.lean:189:0: 'ECDSAAdd.Arithmetic.MappedCompressed.controlled_support' depends on axioms: [propext, Classical.choice, Quot.sound]
info: ECDSAAdd/Arithmetic/MappedCompressedStageSupport.lean:190:0: 'ECDSAAdd.Arithmetic.MappedCompressed.total_site_bound' depends on axioms: [propext, Classical.choice, Quot.sound]
ℹ [3772/4011] Replayed ECDSAAdd.Arithmetic.MappedCompressedStageCounts
info: ECDSAAdd/Arithmetic/MappedCompressedStageCounts.lean:78:0: 'ECDSAAdd.Arithmetic.MappedCompressed.mappedReplay_counts' depends on axioms: [propext, Classical.choice, Quot.sound]
info: ECDSAAdd/Arithmetic/MappedCompressedStageCounts.lean:79:0: 'ECDSAAdd.Arithmetic.MappedCompressed.integer_tail_counts' depends on axioms: [propext, Classical.choice, Quot.sound]
info: ECDSAAdd/Arithmetic/MappedCompressedStageCounts.lean:80:0: 'ECDSAAdd.Arithmetic.MappedCompressed.kernel_counts' depends on axioms: [propext, Classical.choice, Quot.sound]
info: ECDSAAdd/Arithmetic/MappedCompressedStageCounts.lean:81:0: 'ECDSAAdd.Arithmetic.MappedCompressed.controlled_counts' depends on axioms: [propext, Classical.choice, Quot.sound]
ℹ [3773/4011] Replayed ECDSAAdd.Arithmetic.NativeFirstDirectCallerProgram
info: ECDSAAdd/Arithmetic/NativeFirstDirectCallerProgram.lean:90:0: 'ECDSAAdd.Arithmetic.NativeFirstDirect.tail_counts' depends on axioms: [propext, Classical.choice, Quot.sound]
info: ECDSAAdd/Arithmetic/NativeFirstDirectCallerProgram.lean:91:0: 'ECDSAAdd.Arithmetic.NativeFirstDirect.caller_counts' depends on axioms: [propext, Classical.choice, Quot.sound]
ℹ [3774/4011] Replayed ECDSAAdd.Arithmetic.NativeFirstDirectSeedInput
info: ECDSAAdd/Arithmetic/NativeFirstDirectSeedInput.lean:56:0: 'ECDSAAdd.Arithmetic.NativeFirstDirect.seed_first_input' depends on axioms: [propext, Classical.choice, Quot.sound]
ℹ [3775/4011] Replayed ECDSAAdd.Arithmetic.NativeFirstDirectCallerInput
info: ECDSAAdd/Arithmetic/NativeFirstDirectCallerInput.lean:53:0: 'ECDSAAdd.Arithmetic.NativeFirstDirect.caller_ready' depends on axioms: [propext, Classical.choice, Quot.sound]
ℹ [3776/4011] Replayed ECDSAAdd.Arithmetic.NativeFirstDirectWordProof
info: ECDSAAdd/Arithmetic/NativeFirstDirectWordProof.lean:143:0: 'ECDSAAdd.Arithmetic.NativeFirstDirect.hAdd_word' depends on axioms: [propext, Classical.choice, Quot.sound]
info: ECDSAAdd/Arithmetic/NativeFirstDirectWordProof.lean:144:0: 'ECDSAAdd.Arithmetic.NativeFirstDirect.kAdd_word' depends on axioms: [propext, Classical.choice, Quot.sound]
info: ECDSAAdd/Arithmetic/NativeFirstDirectWordProof.lean:146:0: 'ECDSAAdd.Arithmetic.NativeFirstDirect.front_spec' depends on axioms: [propext, Quot.sound]
info: ECDSAAdd/Arithmetic/NativeFirstDirectWordProof.lean:147:0: 'ECDSAAdd.Arithmetic.NativeFirstDirect.clear_spec' depends on axioms: [propext]
ℹ [3777/4011] Replayed ECDSAAdd.Arithmetic.NativeFirstDirectForwardProof
info: ECDSAAdd/Arithmetic/NativeFirstDirectForwardProof.lean:272:0: 'ECDSAAdd.Arithmetic.NativeFirstDirect.lowCopy_prepares' depends on axioms: [propext, Classical.choice, Quot.sound]
info: ECDSAAdd/Arithmetic/NativeFirstDirectForwardProof.lean:273:0: 'ECDSAAdd.Arithmetic.NativeFirstDirect.forward_spec' depends on axioms: [propext, Classical.choice, Quot.sound]
ℹ [3778/4011] Replayed ECDSAAdd.Arithmetic.NativeFirstPrefixMath
info: ECDSAAdd/Arithmetic/NativeFirstPrefixMath.lean:120:0: 'ECDSAAdd.Arithmetic.NativeFirstPrefixMath.direct_step' depends on axioms: [propext, Classical.choice, Quot.sound]
info: ECDSAAdd/Arithmetic/NativeFirstPrefixMath.lean:121:0: 'ECDSAAdd.Arithmetic.NativeFirstPrefixMath.direct_bounds' depends on axioms: [propext, Classical.choice, Quot.sound]
info: ECDSAAdd/Arithmetic/NativeFirstPrefixMath.lean:122:0: 'ECDSAAdd.Arithmetic.NativeFirstPrefixMath.direct_signs' depends on axioms: [propext, Classical.choice, Quot.sound]
info: ECDSAAdd/Arithmetic/NativeFirstPrefixMath.lean:123:0: 'ECDSAAdd.Arithmetic.NativeFirstPrefixMath.direct_frame' depends on axioms: [propext, Classical.choice, Quot.sound]
info: ECDSAAdd/Arithmetic/NativeFirstPrefixMath.lean:124:0: 'ECDSAAdd.Arithmetic.NativeFirstPrefixMath.recover_x' depends on axioms: [propext, Classical.choice, Quot.sound]
info: ECDSAAdd/Arithmetic/NativeFirstPrefixMath.lean:125:0: 'ECDSAAdd.Arithmetic.NativeFirstPrefixMath.secp_first_step' depends on axioms: [propext, Classical.choice, Quot.sound]
info: ECDSAAdd/Arithmetic/NativeFirstPrefixMath.lean:126:0: 'ECDSAAdd.Arithmetic.NativeFirstPrefixMath.secp_word_bounds' depends on axioms: [propext, Classical.choice, Quot.sound]
info: ECDSAAdd/Arithmetic/NativeFirstPrefixMath.lean:127:0: 'ECDSAAdd.Arithmetic.NativeFirstPrefixMath.secp_zero' depends on axioms: [propext, Classical.choice, Quot.sound]
ℹ [3779/4011] Replayed ECDSAAdd.Arithmetic.NativeFirstDirectNativeBridge
info: ECDSAAdd/Arithmetic/NativeFirstDirectNativeBridge.lean:184:0: 'ECDSAAdd.Arithmetic.NativeFirstDirect.source_parity' depends on axioms: [propext, Quot.sound]
info: ECDSAAdd/Arithmetic/NativeFirstDirectNativeBridge.lean:185:0: 'ECDSAAdd.Arithmetic.NativeFirstDirect.h_nat_value' depends on axioms: [propext]
info: ECDSAAdd/Arithmetic/NativeFirstDirectNativeBridge.lean:186:0: 'ECDSAAdd.Arithmetic.NativeFirstDirect.k_decode_value' depends on axioms: [propext, Classical.choice, Quot.sound]
info: ECDSAAdd/Arithmetic/NativeFirstDirectNativeBridge.lean:187:0: 'ECDSAAdd.Arithmetic.NativeFirstDirect.forward_native_output' depends on axioms: [propext, Classical.choice, Quot.sound]
ℹ [3780/4011] Replayed ECDSAAdd.Arithmetic.NativeFirstDirectTickUnique
info: ECDSAAdd/Arithmetic/NativeFirstDirectTickUnique.lean:52:0: 'ECDSAAdd.Arithmetic.NativeFirstDirect.signed_word_unique' depends on axioms: [propext, Classical.choice, Quot.sound]
info: ECDSAAdd/Arithmetic/NativeFirstDirectTickUnique.lean:53:0: 'ECDSAAdd.Arithmetic.NativeFirstDirect.native_output_state_unique' depends on axioms: [propext,
 Classical.choice,
 Quot.sound]
ℹ [3781/4011] Replayed ECDSAAdd.Arithmetic.NativeFirstDirectReferenceEq
info: ECDSAAdd/Arithmetic/NativeFirstDirectReferenceEq.lean:139:0: 'ECDSAAdd.Arithmetic.NativeFirstDirect.forward_reference_eq' depends on axioms: [propext, Classical.choice, Quot.sound]
ℹ [3782/4011] Replayed ECDSAAdd.Arithmetic.NativeFirstDirectCallerForward
info: ECDSAAdd/Arithmetic/NativeFirstDirectCallerForward.lean:77:0: 'ECDSAAdd.Arithmetic.NativeFirstDirect.forward_terminal_eq' depends on axioms: [propext, Classical.choice, Quot.sound]
info: ECDSAAdd/Arithmetic/NativeFirstDirectCallerForward.lean:78:0: 'ECDSAAdd.Arithmetic.NativeFirstDirect.forward_terminal_states' depends on axioms: [propext,
 Classical.choice,
 Quot.sound]
ℹ [3783/4011] Replayed ECDSAAdd.Arithmetic.NativeFirstDirectCallerFirstStage
info: ECDSAAdd/Arithmetic/NativeFirstDirectCallerFirstStage.lean:40:0: 'ECDSAAdd.Arithmetic.NativeFirstDirect.caller_first_stage' depends on axioms: [propext, Classical.choice, Quot.sound]
ℹ [3784/4011] Replayed ECDSAAdd.Arithmetic.NativeFirstDirectTailRestore
info: ECDSAAdd/Arithmetic/NativeFirstDirectTailRestore.lean:74:0: 'ECDSAAdd.Arithmetic.NativeFirstDirect.tail_restore_pool' depends on axioms: [propext, Classical.choice, Quot.sound]
ℹ [3785/4011] Replayed ECDSAAdd.Arithmetic.NativeFirstKnownFrame
info: ECDSAAdd/Arithmetic/NativeFirstKnownFrame.lean:122:0: 'ECDSAAdd.Arithmetic.NativeFirstKnown.front_known_sum' depends on axioms: [propext, Classical.choice, Quot.sound]
info: ECDSAAdd/Arithmetic/NativeFirstKnownFrame.lean:123:0: 'ECDSAAdd.Arithmetic.NativeFirstKnown.hReceiver_after_forward' depends on axioms: [propext,
 Classical.choice,
 Quot.sound]
ℹ [3786/4011] Replayed ECDSAAdd.Arithmetic.NativeFirstKnownInverse
info: ECDSAAdd/Arithmetic/NativeFirstKnownInverse.lean:258:0: 'ECDSAAdd.Arithmetic.NativeFirstKnown.inverse_roundtrip' depends on axioms: [propext, Classical.choice, Quot.sound]
info: ECDSAAdd/Arithmetic/NativeFirstKnownInverse.lean:259:0: 'ECDSAAdd.Arithmetic.NativeFirstKnown.inverse_eq_old_on_forward' depends on axioms: [propext,
 Classical.choice,
 Quot.sound]
info: ECDSAAdd/Arithmetic/NativeFirstKnownInverse.lean:260:0: 'ECDSAAdd.Arithmetic.NativeFirstKnown.inverse_restore_after_outside' depends on axioms: [propext,
 Classical.choice,
 Quot.sound]
ℹ [3787/4011] Replayed ECDSAAdd.Arithmetic.RunPoolBasisAgreement
info: ECDSAAdd/Arithmetic/RunPoolBasisAgreement.lean:19:0: 'ECDSAAdd.Arithmetic.run_pool_basis_agreement' depends on axioms: [propext, Classical.choice, Quot.sound]
ℹ [3788/4011] Replayed ECDSAAdd.Arithmetic.EncodedFieldPoolBasis
info: ECDSAAdd/Arithmetic/EncodedFieldPoolBasis.lean:28:0: 'ECDSAAdd.Arithmetic.encoded_field_pool_basis' depends on axioms: [propext, Classical.choice, Quot.sound]
ℹ [3789/4011] Replayed ECDSAAdd.Arithmetic.MappedCompressedFieldPoolRestore
info: ECDSAAdd/Arithmetic/MappedCompressedFieldPoolRestore.lean:136:0: 'ECDSAAdd.Arithmetic.MappedCompressed.encodedCanonical_pool_basis' depends on axioms: [propext,
 Classical.choice,
 Quot.sound]
info: ECDSAAdd/Arithmetic/MappedCompressedFieldPoolRestore.lean:137:0: 'ECDSAAdd.Arithmetic.MappedCompressed.fieldSegment_pool_frame' depends on axioms: [propext,
 Classical.choice,
 Quot.sound]
info: ECDSAAdd/Arithmetic/MappedCompressedFieldPoolRestore.lean:138:0: 'ECDSAAdd.Arithmetic.MappedCompressed.clear_after_pool_update' depends on axioms: [propext,
 Classical.choice,
 Quot.sound]
info: ECDSAAdd/Arithmetic/MappedCompressedFieldPoolRestore.lean:139:0: 'ECDSAAdd.Arithmetic.MappedCompressed.fieldSegment_reverse_pool' depends on axioms: [propext,
 Classical.choice,
 Quot.sound]
ℹ [3790/4011] Replayed ECDSAAdd.Arithmetic.EntryForwardSelectedPoolRestore
info: ECDSAAdd/Arithmetic/EntryForwardSelectedPoolRestore.lean:70:0: 'ECDSAAdd.Arithmetic.MappedCompressed.selectedFieldSegment_pool_frame' depends on axioms: [propext,
 Classical.choice,
 Quot.sound]
info: ECDSAAdd/Arithmetic/EntryForwardSelectedPoolRestore.lean:71:0: 'ECDSAAdd.Arithmetic.MappedCompressed.selectedFieldSegment_reverse_pool' depends on axioms: [propext,
 Classical.choice,
 Quot.sound]
ℹ [3791/4011] Replayed ECDSAAdd.Arithmetic.CompressedTerminalEncodingBridge
info: ECDSAAdd/Arithmetic/CompressedTerminalEncodingBridge.lean:103:0: 'ECDSAAdd.Arithmetic.CompressedFieldSupport.compact_terminal_raw_legal' depends on axioms: [propext,
 Classical.choice,
 Quot.sound]
info: ECDSAAdd/Arithmetic/CompressedTerminalEncodingBridge.lean:104:0: 'ECDSAAdd.Arithmetic.CompressedFieldSupport.compressed_terminal_encoded_state' depends on axioms: [propext,
 Classical.choice,
 Quot.sound]
info: ECDSAAdd/Arithmetic/CompressedTerminalEncodingBridge.lean:105:0: 'ECDSAAdd.Arithmetic.CompressedFieldSupport.full_encoder_clear_commute' depends on axioms: [propext,
 Classical.choice,
 Quot.sound]
info: ECDSAAdd/Arithmetic/CompressedTerminalEncodingBridge.lean:106:0: 'ECDSAAdd.Arithmetic.CompressedFieldSupport.compressed_terminal_clear_encoding' depends on axioms: [propext,
 Classical.choice,
 Quot.sound]
ℹ [3792/4011] Replayed ECDSAAdd.Arithmetic.MappedCompressedRawPreparation
info: ECDSAAdd/Arithmetic/MappedCompressedRawPreparation.lean:133:0: 'ECDSAAdd.Arithmetic.MappedCompressed.rawPreparation_facts' depends on axioms: [propext, Classical.choice, Quot.sound]
ℹ [3793/4011] Replayed ECDSAAdd.Arithmetic.CompressedForwardCallerEquality
info: ECDSAAdd/Arithmetic/CompressedForwardCallerEquality.lean:80:0: 'ECDSAAdd.Arithmetic.allGroupEncode_pool_support' depends on axioms: [propext, Classical.choice, Quot.sound]
info: ECDSAAdd/Arithmetic/CompressedForwardCallerEquality.lean:81:0: 'ECDSAAdd.Arithmetic.compressedCompactForward_caller_eq' depends on axioms: [propext, Classical.choice, Quot.sound]
ℹ [3794/4011] Replayed ECDSAAdd.Arithmetic.MappedCompressedCallerPreparation
info: ECDSAAdd/Arithmetic/MappedCompressedCallerPreparation.lean:49:0: 'ECDSAAdd.Arithmetic.MappedCompressed.compressedPreparation_facts' depends on axioms: [propext,
 Classical.choice,
 Quot.sound]
ℹ [3795/4011] Replayed ECDSAAdd.Arithmetic.MappedCompressedCallerFrame
info: ECDSAAdd/Arithmetic/MappedCompressedCallerFrame.lean:50:0: 'ECDSAAdd.Arithmetic.MappedCompressed.encodedCanonical_caller_frame' depends on axioms: [propext,
 Classical.choice,
 Quot.sound]
ℹ [3796/4011] Replayed ECDSAAdd.Arithmetic.MappedCompressedCallerStates
info: ECDSAAdd/Arithmetic/MappedCompressedCallerStates.lean:173:0: 'ECDSAAdd.Arithmetic.MappedCompressed.kernel_states' depends on axioms: [propext, Classical.choice, Quot.sound]
ℹ [3797/4011] Replayed ECDSAAdd.Arithmetic.NativeFirstDirectCallerStates
info: ECDSAAdd/Arithmetic/NativeFirstDirectCallerStates.lean:196:0: 'ECDSAAdd.Arithmetic.NativeFirstDirect.kernel_states' depends on axioms: [propext, Classical.choice, Quot.sound]
info: ECDSAAdd/Arithmetic/NativeFirstDirectCallerStates.lean:197:0: 'ECDSAAdd.Arithmetic.NativeFirstDirect.kernel_spec' depends on axioms: [propext, Classical.choice, Quot.sound]
ℹ [3798/4011] Replayed ECDSAAdd.Arithmetic.MappedCompressedCallerRun
info: ECDSAAdd/Arithmetic/MappedCompressedCallerRun.lean:24:0: 'ECDSAAdd.Arithmetic.MappedCompressed.kernel_spec' depends on axioms: [propext, Classical.choice, Quot.sound]
ℹ [3799/4011] Replayed ECDSAAdd.Arithmetic.MappedCompressedControlledSpec
info: ECDSAAdd/Arithmetic/MappedCompressedControlledSpec.lean:123:0: 'ECDSAAdd.Arithmetic.MappedCompressed.controlled_spec' depends on axioms: [propext, Classical.choice, Quot.sound]
ℹ [3800/4011] Replayed ECDSAAdd.Framework.WireRenamePool
info: ECDSAAdd/Framework/WireRenamePool.lean:133:0: 'ECDSAAdd.run_rename_pool' depends on axioms: [propext, Classical.choice, Quot.sound]
info: ECDSAAdd/Framework/WireRenamePool.lean:134:0: 'ECDSAAdd.run_rename_pool_outside' depends on axioms: [propext, Classical.choice, Quot.sound]
ℹ [3801/4011] Replayed ECDSAAdd.Arithmetic.MappedCompressedPointTransfer
info: ECDSAAdd/Arithmetic/MappedCompressedPointTransfer.lean:157:0: 'ECDSAAdd.Arithmetic.MappedCompressed.pointTransfer_spec' depends on axioms: [propext, Classical.choice, Quot.sound]
ℹ [3802/4011] Replayed ECDSAAdd.Arithmetic.MappedCompressedPointPlacement
info: ECDSAAdd/Arithmetic/MappedCompressedPointPlacement.lean:137:0: 'ECDSAAdd.Arithmetic.MappedCompressed.pointWireFn_injective_slots' depends on axioms: [propext,
 Classical.choice,
 Quot.sound]
info: ECDSAAdd/Arithmetic/MappedCompressedPointPlacement.lean:138:0: 'ECDSAAdd.Arithmetic.MappedCompressed.pointWireFn_coordinates' depends on axioms: [propext,
 Classical.choice,
 Quot.sound]
ℹ [3845/4011] Replayed ECDSAAdd.Arithmetic.CompressedPointSquarePool
info: ECDSAAdd/Arithmetic/CompressedPointSquarePool.lean:278:0: 'ECDSAAdd.Arithmetic.CompressedPointSquare.indexPermutation' depends on axioms: [propext, Classical.choice, Quot.sound]
info: ECDSAAdd/Arithmetic/CompressedPointSquarePool.lean:279:0: 'ECDSAAdd.Arithmetic.CompressedPointSquare.poolPermutation' depends on axioms: [propext, Classical.choice, Quot.sound]
info: ECDSAAdd/Arithmetic/CompressedPointSquarePool.lean:280:0: 'ECDSAAdd.Arithmetic.CompressedPointSquare.measured_support' depends on axioms: [propext, Classical.choice, Quot.sound]
info: ECDSAAdd/Arithmetic/CompressedPointSquarePool.lean:282:0: 'ECDSAAdd.Arithmetic.CompressedPointSquare.computable_support' depends on axioms: [propext,
 Classical.choice,
 Quot.sound]
ℹ [3846/4011] Replayed ECDSAAdd.Arithmetic.MappedCompressedPointImages
info: ECDSAAdd/Arithmetic/MappedCompressedPointImages.lean:133:0: 'ECDSAAdd.Arithmetic.MappedCompressed.pointWireFn_sharedWork' depends on axioms: [propext, Classical.choice, Quot.sound]
info: ECDSAAdd/Arithmetic/MappedCompressedPointImages.lean:134:0: 'ECDSAAdd.Arithmetic.MappedCompressed.pointWireFn_scalar_dialog' depends on axioms: [propext,
 Classical.choice,
 Quot.sound]
info: ECDSAAdd/Arithmetic/MappedCompressedPointImages.lean:135:0: 'ECDSAAdd.Arithmetic.MappedCompressed.pointWireFn_slots_image' depends on axioms: [propext,
 Classical.choice,
 Quot.sound]
ℹ [3847/4011] Replayed ECDSAAdd.Arithmetic.MappedCompressedPointArithmetic
info: ECDSAAdd/Arithmetic/MappedCompressedPointArithmetic.lean:128:0: 'ECDSAAdd.Arithmetic.MappedCompressed.pointPlacement' depends on axioms: [propext, Classical.choice, Quot.sound]
info: ECDSAAdd/Arithmetic/MappedCompressedPointArithmetic.lean:129:0: 'ECDSAAdd.Arithmetic.MappedCompressed.pointCompressedArithmetic_correct' depends on axioms: [propext,
 Classical.choice,
 Quot.sound]
info: ECDSAAdd/Arithmetic/MappedCompressedPointArithmetic.lean:130:0: 'ECDSAAdd.Arithmetic.MappedCompressed.pointCompressedArithmetic_support' depends on axioms: [propext,
 Classical.choice,
 Quot.sound]
info: ECDSAAdd/Arithmetic/MappedCompressedPointArithmetic.lean:131:0: 'ECDSAAdd.Arithmetic.MappedCompressed.pointCompressedArithmetic_counts' depends on axioms: [propext,
 Classical.choice,
 Quot.sound]
ℹ [3848/4011] Replayed ECDSAAdd.Arithmetic.CompressedPointSquareCorrect
info: ECDSAAdd/Arithmetic/CompressedPointSquareCorrect.lean:125:0: 'ECDSAAdd.Arithmetic.CompressedPointSquare.state_eq' depends on axioms: [propext, Classical.choice, Quot.sound]
info: ECDSAAdd/Arithmetic/CompressedPointSquareCorrect.lean:126:0: 'ECDSAAdd.Arithmetic.CompressedPointSquare.correct' depends on axioms: [propext, Classical.choice, Quot.sound]
info: ECDSAAdd/Arithmetic/CompressedPointSquareCorrect.lean:127:0: 'ECDSAAdd.Arithmetic.CompressedPointSquare.counts' depends on axioms: [propext, Classical.choice, Quot.sound]
info: ECDSAAdd/Arithmetic/CompressedPointSquareCorrect.lean:128:0: 'ECDSAAdd.Arithmetic.CompressedPointSquare.shared_support_sites' depends on axioms: [propext,
 Classical.choice,
 Quot.sound]
ℹ [3908/4011] Replayed ECDSAAdd.Arithmetic.CompactPointLayout
info: ECDSAAdd/Arithmetic/CompactPointLayout.lean:113:0: 'ECDSAAdd.Arithmetic.ControlledPointLayout.compactPointSites_nodup' depends on axioms: [propext,
 Classical.choice,
 Quot.sound]
info: ECDSAAdd/Arithmetic/CompactPointLayout.lean:114:0: 'ECDSAAdd.Arithmetic.ControlledPointLayout.compactSharedMap_support' depends on axioms: [propext,
 Classical.choice,
 Quot.sound]
ℹ [3909/4011] Replayed ECDSAAdd.Arithmetic.CompactOffsetCallerSupport
info: ECDSAAdd/Arithmetic/CompactOffsetCallerSupport.lean:30:0: 'ECDSAAdd.Arithmetic.compactOffsetCallerArithmetic_support' depends on axioms: [propext, Classical.choice, Quot.sound]
ℹ [3910/4011] Replayed ECDSAAdd.Arithmetic.OffsetBorrowedSupportPoint
info: ECDSAAdd/Arithmetic/OffsetBorrowedSupportPoint.lean:77:0: 'ECDSAAdd.Arithmetic.pointOffsetBorrowedArithmetic_compact_support' depends on axioms: [propext,
 Classical.choice,
 Quot.sound]
info: ECDSAAdd/Arithmetic/OffsetBorrowedSupportPoint.lean:78:0: 'ECDSAAdd.Arithmetic.pointOffsetBorrowedArithmetic_compact_resources' depends on axioms: [propext,
 Classical.choice,
 Quot.sound]
ℹ [3914/4011] Replayed ECDSAAdd.Arithmetic.CompressedPointDialogSteps
info: ECDSAAdd/Arithmetic/CompressedPointDialogSteps.lean:119:0: 'ECDSAAdd.Arithmetic.CompressedPointDialog.generic_true' depends on axioms: [propext, Classical.choice, Quot.sound]
info: ECDSAAdd/Arithmetic/CompressedPointDialogSteps.lean:120:0: 'ECDSAAdd.Arithmetic.CompressedPointDialog.boundary_generic' depends on axioms: [propext, Classical.choice, Quot.sound]
ℹ [3915/4011] Replayed ECDSAAdd.Arithmetic.CompressedPointDialogSpec
info: ECDSAAdd/Arithmetic/CompressedPointDialogSpec.lean:219:0: 'ECDSAAdd.Arithmetic.CompressedPointDialog.finite_spec' depends on axioms: [propext, Classical.choice, Quot.sound]
info: ECDSAAdd/Arithmetic/CompressedPointDialogSpec.lean:220:0: 'ECDSAAdd.Arithmetic.CompressedPointDialog.full_spec' depends on axioms: [propext, Classical.choice, Quot.sound]
info: ECDSAAdd/Arithmetic/CompressedPointDialogSpec.lean:221:0: 'ECDSAAdd.Arithmetic.CompressedPointDialog.add_spec' depends on axioms: [propext, Classical.choice, Quot.sound]
ℹ [3919/4011] Replayed ECDSAAdd.Arithmetic.CompactPointDialogSupport
info: ECDSAAdd/Arithmetic/CompactPointDialogSupport.lean:47:0: 'ECDSAAdd.Arithmetic.pointDialogGeneric_compact_wires' depends on axioms: [propext, Classical.choice, Quot.sound]
ℹ [3920/4011] Replayed ECDSAAdd.Arithmetic.CompactPointFiniteSupport
info: ECDSAAdd/Arithmetic/CompactPointFiniteSupport.lean:84:0: 'ECDSAAdd.Arithmetic.pointDialogFinite_compact_wires' depends on axioms: [propext, Classical.choice, Quot.sound]
ℹ [3922/4011] Replayed ECDSAAdd.Arithmetic.CompressedPointDialogResources
info: ECDSAAdd/Arithmetic/CompressedPointDialogResources.lean:192:0: 'ECDSAAdd.Arithmetic.CompressedPointDialog.finite_counts' depends on axioms: [propext, Classical.choice, Quot.sound]
info: ECDSAAdd/Arithmetic/CompressedPointDialogResources.lean:193:0: 'ECDSAAdd.Arithmetic.CompressedPointDialog.finite_support' depends on axioms: [propext, Classical.choice, Quot.sound]
info: ECDSAAdd/Arithmetic/CompressedPointDialogResources.lean:194:0: 'ECDSAAdd.Arithmetic.CompressedPointDialog.finite_qubits' depends on axioms: [propext, Classical.choice, Quot.sound]
ℹ [3935/4011] Replayed ECDSAAdd.Arithmetic.BalancedSharedFieldSupportHelpers
info: ECDSAAdd/Arithmetic/BalancedSharedFieldSupportHelpers.lean:53:0: 'ECDSAAdd.Arithmetic.BalancedSharedFieldSupport.unary' depends on axioms: [propext, Classical.choice, Quot.sound]
info: ECDSAAdd/Arithmetic/BalancedSharedFieldSupportHelpers.lean:54:0: 'ECDSAAdd.Arithmetic.BalancedSharedFieldSupport.copy' depends on axioms: [propext, Classical.choice, Quot.sound]
ℹ [3936/4011] Replayed ECDSAAdd.Arithmetic.BalancedSharedFieldSupportLayout
info: ECDSAAdd/Arithmetic/BalancedSharedFieldSupportLayout.lean:91:0: 'ECDSAAdd.Arithmetic.BalancedSharedFieldSupport.kernelSites' depends on axioms: [propext, Classical.choice, Quot.sound]
info: ECDSAAdd/Arithmetic/BalancedSharedFieldSupportLayout.lean:92:0: 'ECDSAAdd.Arithmetic.BalancedSharedFieldSupport.converters' depends on axioms: [propext, Classical.choice, Quot.sound]
info: ECDSAAdd/Arithmetic/BalancedSharedFieldSupportLayout.lean:93:0: 'ECDSAAdd.Arithmetic.BalancedSharedFieldSupport.replay' depends on axioms: [propext, Classical.choice, Quot.sound]
ℹ [3937/4011] Replayed ECDSAAdd.Arithmetic.BalancedSharedFieldSupport
info: ECDSAAdd/Arithmetic/BalancedSharedFieldSupport.lean:64:0: 'ECDSAAdd.Arithmetic.BalancedSharedFieldSupport.replayPrograms' depends on axioms: [propext,
 Classical.choice,
 Quot.sound]
info: ECDSAAdd/Arithmetic/BalancedSharedFieldSupport.lean:65:0: 'ECDSAAdd.Arithmetic.BalancedSharedFieldSupport.endpoints' depends on axioms: [propext, Classical.choice, Quot.sound]
info: ECDSAAdd/Arithmetic/BalancedSharedFieldSupport.lean:66:0: 'ECDSAAdd.Arithmetic.BalancedSharedFieldSupport.declaredEndpoints' depends on axioms: [propext,
 Classical.choice,
 Quot.sound]
info: ECDSAAdd/Arithmetic/BalancedSharedFieldSupport.lean:68:0: 'ECDSAAdd.Arithmetic.BalancedSharedFieldSupport.compactSubsetShared' depends on axioms: [propext,
 Classical.choice,
 Quot.sound]
ℹ [3938/4011] Replayed ECDSAAdd.Arithmetic.BalancedIntegratedAudit
info: ECDSAAdd/Arithmetic/BalancedIntegratedAudit.lean:43:0: 'ECDSAAdd.Arithmetic.BalancedCircuit.work' does not depend on any axioms
info: ECDSAAdd/Arithmetic/BalancedIntegratedAudit.lean:44:0: 'ECDSAAdd.Arithmetic.BalancedCircuit.scalarND' depends on axioms: [propext, Quot.sound]
info: ECDSAAdd/Arithmetic/BalancedIntegratedAudit.lean:45:0: 'ECDSAAdd.Arithmetic.BalancedCircuit.seedND' depends on axioms: [propext, Quot.sound]
info: ECDSAAdd/Arithmetic/BalancedIntegratedAudit.lean:46:0: 'ECDSAAdd.Arithmetic.BalancedCircuit.rawTargetND' depends on axioms: [propext, Quot.sound]
info: ECDSAAdd/Arithmetic/BalancedIntegratedAudit.lean:47:0: 'ECDSAAdd.Arithmetic.BalancedCircuit.allND' depends on axioms: [propext, Quot.sound]
info: ECDSAAdd/Arithmetic/BalancedIntegratedAudit.lean:48:0: 'ECDSAAdd.Arithmetic.BalancedCircuit.foldND' depends on axioms: [propext, Quot.sound]
info: ECDSAAdd/Arithmetic/BalancedIntegratedAudit.lean:49:0: 'ECDSAAdd.Arithmetic.BalancedCircuit.flagAway' depends on axioms: [propext, Quot.sound]
info: ECDSAAdd/Arithmetic/BalancedIntegratedAudit.lean:50:0: 'ECDSAAdd.Arithmetic.BalancedCircuit.signed_extension' depends on axioms: [propext, Classical.choice, Quot.sound]
info: ECDSAAdd/Arithmetic/BalancedIntegratedAudit.lean:51:0: 'ECDSAAdd.Arithmetic.BalancedCircuit.word_encoding' depends on axioms: [propext, Classical.choice, Quot.sound]
info: ECDSAAdd/Arithmetic/BalancedIntegratedAudit.lean:52:0: 'ECDSAAdd.Arithmetic.BalancedCircuit.word_sign' depends on axioms: [propext, Classical.choice, Quot.sound]
info: ECDSAAdd/Arithmetic/BalancedIntegratedAudit.lean:53:0: 'ECDSAAdd.Arithmetic.BalancedCircuit.raw_parity' depends on axioms: [propext, Classical.choice, Quot.sound]
info: ECDSAAdd/Arithmetic/BalancedIntegratedAudit.lean:54:0: 'ECDSAAdd.Arithmetic.BalancedCircuit.word_parity' depends on axioms: [propext, Classical.choice, Quot.sound]
info: ECDSAAdd/Arithmetic/BalancedIntegratedAudit.lean:55:0: 'ECDSAAdd.Arithmetic.BalancedCircuit.seedViews_run' depends on axioms: [propext, Quot.sound]
info: ECDSAAdd/Arithmetic/BalancedIntegratedAudit.lean:56:0: 'ECDSAAdd.Arithmetic.BalancedCircuit.prepareFold_run' depends on axioms: [propext, Quot.sound]
info: ECDSAAdd/Arithmetic/BalancedIntegratedAudit.lean:57:0: 'ECDSAAdd.Arithmetic.BalancedCircuit.releaseSelectors_run' depends on axioms: [propext, Classical.choice, Quot.sound]
info: ECDSAAdd/Arithmetic/BalancedIntegratedAudit.lean:58:0: 'ECDSAAdd.Arithmetic.BalancedCircuit.fold_correct' depends on axioms: [propext, Classical.choice, Quot.sound]
info: ECDSAAdd/Arithmetic/BalancedIntegratedAudit.lean:59:0: 'ECDSAAdd.Arithmetic.BalancedCircuit.rotate_folded' depends on axioms: [propext, Classical.choice, Quot.sound]
info: ECDSAAdd/Arithmetic/BalancedIntegratedAudit.lean:60:0: 'ECDSAAdd.Arithmetic.BalancedFold.modulusWord' depends on axioms: [propext]
info: ECDSAAdd/Arithmetic/BalancedIntegratedAudit.lean:61:0: 'ECDSAAdd.Arithmetic.BalancedFold.virtualSource' depends on axioms: [propext]
info: ECDSAAdd/Arithmetic/BalancedIntegratedAudit.lean:62:0: 'ECDSAAdd.Arithmetic.BalancedFold.selectedSource' depends on axioms: [propext]
info: ECDSAAdd/Arithmetic/BalancedIntegratedAudit.lean:63:0: 'ECDSAAdd.Arithmetic.BalancedFold.virtualSource_value' depends on axioms: [propext]
info: ECDSAAdd/Arithmetic/BalancedIntegratedAudit.lean:64:0: 'ECDSAAdd.Arithmetic.BalancedFold.foldBits_value' depends on axioms: [propext]
info: ECDSAAdd/Arithmetic/BalancedIntegratedAudit.lean:65:0: 'ECDSAAdd.Arithmetic.BalancedFold.encode_shift' depends on axioms: [propext, Classical.choice, Quot.sound]
info: ECDSAAdd/Arithmetic/BalancedIntegratedAudit.lean:66:0: 'ECDSAAdd.Arithmetic.BalancedFold.minusController' does not depend on any axioms
info: ECDSAAdd/Arithmetic/BalancedIntegratedAudit.lean:67:0: 'ECDSAAdd.Arithmetic.BalancedFold.plusController' does not depend on any axioms
info: ECDSAAdd/Arithmetic/BalancedIntegratedAudit.lean:68:0: 'ECDSAAdd.Arithmetic.BalancedFold.controllers_exclusive' does not depend on any axioms
info: ECDSAAdd/Arithmetic/BalancedIntegratedAudit.lean:69:0: 'ECDSAAdd.Arithmetic.BalancedFold.toggledWord' depends on axioms: [propext]
info: ECDSAAdd/Arithmetic/BalancedIntegratedAudit.lean:70:0: 'ECDSAAdd.Arithmetic.BalancedFold.foldedSum' depends on axioms: [propext]
info: ECDSAAdd/Arithmetic/BalancedIntegratedAudit.lean:71:0: 'ECDSAAdd.Arithmetic.BalancedFold.raw_sign' depends on axioms: [propext, Classical.choice, Quot.sound]
info: ECDSAAdd/Arithmetic/BalancedIntegratedAudit.lean:72:0: 'ECDSAAdd.Arithmetic.BalancedFold.toggled_parity' depends on axioms: [propext, Classical.choice, Quot.sound]
info: ECDSAAdd/Arithmetic/BalancedIntegratedAudit.lean:73:0: 'ECDSAAdd.Arithmetic.BalancedFold.cleared_low_word' depends on axioms: [propext, Classical.choice, Quot.sound]
info: ECDSAAdd/Arithmetic/BalancedIntegratedAudit.lean:74:0: 'ECDSAAdd.Arithmetic.BalancedFold.foldedSum_value' depends on axioms: [propext, Classical.choice, Quot.sound]
info: ECDSAAdd/Arithmetic/BalancedIntegratedAudit.lean:75:0: 'ECDSAAdd.Arithmetic.BalancedFold.foldedSum_low' depends on axioms: [propext, Classical.choice, Quot.sound]
info: ECDSAAdd/Arithmetic/BalancedIntegratedAudit.lean:76:0: 'ECDSAAdd.Arithmetic.BalancedFold.foldedSum_cout' depends on axioms: [propext, Classical.choice, Quot.sound]
info: ECDSAAdd/Arithmetic/BalancedIntegratedAudit.lean:77:0: 'ECDSAAdd.Arithmetic.BalancedFold.foldedSum_bound' depends on axioms: [propext, Classical.choice, Quot.sound]
info: ECDSAAdd/Arithmetic/BalancedIntegratedAudit.lean:78:0: 'ECDSAAdd.Arithmetic.BalancedFold.foldBits_sources' depends on axioms: [propext, Quot.sound]
info: ECDSAAdd/Arithmetic/BalancedIntegratedAudit.lean:79:0: 'ECDSAAdd.Arithmetic.BalancedFold.toggle_top_value' depends on axioms: [propext, Classical.choice, Quot.sound]
info: ECDSAAdd/Arithmetic/BalancedIntegratedAudit.lean:80:0: 'ECDSAAdd.Arithmetic.BalancedFold.toggledWord_bound' depends on axioms: [propext, Classical.choice, Quot.sound]
info: ECDSAAdd/Arithmetic/BalancedIntegratedAudit.lean:81:0: 'ECDSAAdd.Arithmetic.BalancedFold.parity_clear_value' depends on axioms: [propext, Classical.choice, Quot.sound]
info: ECDSAAdd/Arithmetic/BalancedIntegratedAudit.lean:82:0: 'ECDSAAdd.Arithmetic.BalancedFold.prepared_upper_bound' depends on axioms: [propext, Classical.choice, Quot.sound]
info: ECDSAAdd/Arithmetic/BalancedIntegratedAudit.lean:83:0: 'ECDSAAdd.Arithmetic.BalancedInverse.recoverParity' depends on axioms: [propext]
info: ECDSAAdd/Arithmetic/BalancedIntegratedAudit.lean:84:0: 'ECDSAAdd.Arithmetic.BalancedInverse.recoverSelectors' does not depend on any axioms
info: ECDSAAdd/Arithmetic/BalancedIntegratedAudit.lean:85:0: 'ECDSAAdd.Arithmetic.BalancedInverse.undoFold' depends on axioms: [propext]
info: ECDSAAdd/Arithmetic/BalancedIntegratedAudit.lean:86:0: 'ECDSAAdd.Arithmetic.BalancedInverse.undoPreparation' does not depend on any axioms
info: ECDSAAdd/Arithmetic/BalancedIntegratedAudit.lean:87:0: 'ECDSAAdd.Arithmetic.BalancedInverse.rawSubtract' depends on axioms: [propext]
info: ECDSAAdd/Arithmetic/BalancedIntegratedAudit.lean:88:0: 'ECDSAAdd.Arithmetic.BalancedInverse.program' depends on axioms: [propext]
info: ECDSAAdd/Arithmetic/BalancedIntegratedAudit.lean:89:0: 'ECDSAAdd.Arithmetic.BalancedInverse.counts' depends on axioms: [propext, Classical.choice, Quot.sound]
info: ECDSAAdd/Arithmetic/BalancedIntegratedAudit.lean:90:0: 'ECDSAAdd.Arithmetic.BalancedCleanupXor.xor_states' depends on axioms: [propext, Classical.choice, Quot.sound]
info: ECDSAAdd/Arithmetic/BalancedIntegratedAudit.lean:91:0: 'ECDSAAdd.Arithmetic.BalancedCleanupXor.xor_correct' depends on axioms: [propext, Classical.choice, Quot.sound]
info: ECDSAAdd/Arithmetic/BalancedIntegratedAudit.lean:92:0: 'ECDSAAdd.Arithmetic.BalancedInverse.recoverParity_correct' depends on axioms: [propext, Classical.choice, Quot.sound]
info: ECDSAAdd/Arithmetic/BalancedIntegratedAudit.lean:93:0: 'ECDSAAdd.Arithmetic.BalancedCircuit.seed_data_frame' depends on axioms: [propext, Quot.sound]
info: ECDSAAdd/Arithmetic/BalancedIntegratedAudit.lean:94:0: 'ECDSAAdd.Arithmetic.BalancedCircuit.seed_signed' depends on axioms: [propext, Classical.choice, Quot.sound]
info: ECDSAAdd/Arithmetic/BalancedIntegratedAudit.lean:95:0: 'ECDSAAdd.Arithmetic.BalancedCircuit.seed_parity' depends on axioms: [propext, Classical.choice, Quot.sound]
info: ECDSAAdd/Arithmetic/BalancedIntegratedAudit.lean:96:0: 'ECDSAAdd.Arithmetic.BalancedCircuit.seed_raw_signed' depends on axioms: [propext, Classical.choice, Quot.sound]
info: ECDSAAdd/Arithmetic/BalancedIntegratedAudit.lean:97:0: 'ECDSAAdd.Arithmetic.BalancedCircuit.support' depends on axioms: [propext, Classical.choice, Quot.sound]
info: ECDSAAdd/Arithmetic/BalancedIntegratedAudit.lean:98:0: 'ECDSAAdd.Arithmetic.BalancedCircuit.qubitBound' depends on axioms: [propext, Classical.choice, Quot.sound]
info: ECDSAAdd/Arithmetic/BalancedIntegratedAudit.lean:99:0: 'ECDSAAdd.Arithmetic.BalancedCircuit.foldSources' depends on axioms: [propext, Quot.sound]
info: ECDSAAdd/Arithmetic/BalancedIntegratedAudit.lean:100:0: 'ECDSAAdd.Arithmetic.BalancedInverse.complement_sandwich' depends on axioms: [propext, Quot.sound]
info: ECDSAAdd/Arithmetic/BalancedIntegratedAudit.lean:101:0: 'ECDSAAdd.Arithmetic.BalancedInverse.mappedSub_any_correct' depends on axioms: [propext, Classical.choice, Quot.sound]
info: ECDSAAdd/Arithmetic/BalancedIntegratedAudit.lean:102:0: 'ECDSAAdd.Arithmetic.BalancedInverse.subInPlace_any_correct' depends on axioms: [propext, Classical.choice, Quot.sound]
info: ECDSAAdd/Arithmetic/BalancedIntegratedAudit.lean:103:0: 'ECDSAAdd.Arithmetic.BalancedInverse.result' depends on axioms: [propext, Classical.choice, Quot.sound]
info: ECDSAAdd/Arithmetic/BalancedIntegratedAudit.lean:104:0: 'ECDSAAdd.Arithmetic.BalancedInverse.result_bounds' depends on axioms: [propext, Classical.choice, Quot.sound]
info: ECDSAAdd/Arithmetic/BalancedIntegratedAudit.lean:105:0: 'ECDSAAdd.Arithmetic.BalancedInverse.result_half' depends on axioms: [propext, Classical.choice, Quot.sound]
info: ECDSAAdd/Arithmetic/BalancedIntegratedAudit.lean:106:0: 'ECDSAAdd.Arithmetic.BalancedCircuit.core_correct' depends on axioms: [propext, Classical.choice, Quot.sound]
info: ECDSAAdd/Arithmetic/BalancedIntegratedAudit.lean:107:0: 'ECDSAAdd.Arithmetic.BalancedCircuit.program_correct' depends on axioms: [propext, Classical.choice, Quot.sound]
info: ECDSAAdd/Arithmetic/BalancedIntegratedAudit.lean:108:0: 'ECDSAAdd.Arithmetic.BalancedInverse.recoverSelectors_run' depends on axioms: [propext, Quot.sound]
info: ECDSAAdd/Arithmetic/BalancedIntegratedAudit.lean:109:0: 'ECDSAAdd.Arithmetic.BalancedInverse.undoPreparation_run' depends on axioms: [propext, Classical.choice, Quot.sound]
info: ECDSAAdd/Arithmetic/BalancedIntegratedAudit.lean:110:0: 'ECDSAAdd.Arithmetic.BalancedInverse.result_parity' depends on axioms: [propext, Classical.choice, Quot.sound]
info: ECDSAAdd/Arithmetic/BalancedIntegratedAudit.lean:111:0: 'ECDSAAdd.Arithmetic.BalancedInverse.result_sign' depends on axioms: [propext, Classical.choice, Quot.sound]
info: ECDSAAdd/Arithmetic/BalancedIntegratedAudit.lean:112:0: 'ECDSAAdd.Arithmetic.BalancedInverse.rotate_unfold' depends on axioms: [propext, Classical.choice, Quot.sound]
info: ECDSAAdd/Arithmetic/BalancedIntegratedAudit.lean:113:0: 'ECDSAAdd.Arithmetic.BalancedInverse.undoFold_correct' depends on axioms: [propext, Classical.choice, Quot.sound]
info: ECDSAAdd/Arithmetic/BalancedIntegratedAudit.lean:114:0: 'ECDSAAdd.Arithmetic.BalancedInverse.rawSubtract_modular' depends on axioms: [propext, Classical.choice, Quot.sound]
info: ECDSAAdd/Arithmetic/BalancedIntegratedAudit.lean:115:0: 'ECDSAAdd.Arithmetic.BalancedInverse.rawSubtract_signed' depends on axioms: [propext, Classical.choice, Quot.sound]
info: ECDSAAdd/Arithmetic/BalancedIntegratedAudit.lean:116:0: 'ECDSAAdd.Arithmetic.BalancedConvert.counts' depends on axioms: [propext, Classical.choice, Quot.sound]
info: ECDSAAdd/Arithmetic/BalancedIntegratedAudit.lean:117:0: 'ECDSAAdd.Arithmetic.BalancedConvert.predicate_run' depends on axioms: [propext, Classical.choice, Quot.sound]
info: ECDSAAdd/Arithmetic/BalancedIntegratedAudit.lean:118:0: 'ECDSAAdd.Arithmetic.BalancedConvert.center_correct' depends on axioms: [propext, Classical.choice, Quot.sound]
info: ECDSAAdd/Arithmetic/BalancedIntegratedAudit.lean:119:0: 'ECDSAAdd.Arithmetic.BalancedConvert.canonical_correct' depends on axioms: [propext, Classical.choice, Quot.sound]
info: ECDSAAdd/Arithmetic/BalancedIntegratedAudit.lean:120:0: 'ECDSAAdd.Arithmetic.BalancedInverse.prepared_one' depends on axioms: [propext, Classical.choice, Quot.sound]
info: ECDSAAdd/Arithmetic/BalancedIntegratedAudit.lean:121:0: 'ECDSAAdd.Arithmetic.BalancedInverse.undoPreparation_word' depends on axioms: [propext, Classical.choice, Quot.sound]
info: ECDSAAdd/Arithmetic/BalancedIntegratedAudit.lean:122:0: 'ECDSAAdd.Arithmetic.BalancedInverse.unseed_run' depends on axioms: [propext, Classical.choice, Quot.sound]
info: ECDSAAdd/Arithmetic/BalancedIntegratedAudit.lean:123:0: 'ECDSAAdd.Arithmetic.BalancedInverse.unseed_correlations' depends on axioms: [propext, Classical.choice, Quot.sound]
info: ECDSAAdd/Arithmetic/BalancedIntegratedAudit.lean:124:0: 'ECDSAAdd.Arithmetic.BalancedInverse.program_correct' depends on axioms: [propext, Classical.choice, Quot.sound]
info: ECDSAAdd/Arithmetic/BalancedIntegratedAudit.lean:125:0: 'ECDSAAdd.Arithmetic.balancedTranscriptHalf_frame' depends on axioms: [propext, Classical.choice, Quot.sound]
info: ECDSAAdd/Arithmetic/BalancedIntegratedAudit.lean:126:0: 'ECDSAAdd.Arithmetic.balancedTranscriptBody_frame' depends on axioms: [propext, Classical.choice, Quot.sound]
info: ECDSAAdd/Arithmetic/BalancedIntegratedAudit.lean:127:0: 'ECDSAAdd.Arithmetic.balancedTranscriptCell_frame' depends on axioms: [propext, Classical.choice, Quot.sound]
info: ECDSAAdd/Arithmetic/BalancedIntegratedAudit.lean:128:0: 'ECDSAAdd.Arithmetic.balancedTranscriptReplay_frame' depends on axioms: [propext, Classical.choice, Quot.sound]
info: ECDSAAdd/Arithmetic/BalancedIntegratedAudit.lean:129:0: 'ECDSAAdd.Arithmetic.balancedTranscriptReplay_counts' depends on axioms: [propext, Classical.choice, Quot.sound]
info: ECDSAAdd/Arithmetic/BalancedIntegratedAudit.lean:130:0: 'ECDSAAdd.Arithmetic.balancedTranscriptCanonicalReplay_frame' depends on axioms: [propext, Classical.choice, Quot.sound]
info: ECDSAAdd/Arithmetic/BalancedIntegratedAudit.lean:131:0: 'ECDSAAdd.Arithmetic.balancedTranscriptCanonicalReplay_counts' depends on axioms: [propext,
 Classical.choice,
 Quot.sound]
info: ECDSAAdd/Arithmetic/BalancedIntegratedAudit.lean:132:0: 'ECDSAAdd.Arithmetic.balancedTranscriptTapeReplay_quotient' depends on axioms: [propext, Classical.choice, Quot.sound]
info: ECDSAAdd/Arithmetic/BalancedIntegratedAudit.lean:133:0: 'ECDSAAdd.Arithmetic.balancedTranscriptTapeReplay_counts' depends on axioms: [propext, Classical.choice, Quot.sound]
info: ECDSAAdd/Arithmetic/BalancedIntegratedAudit.lean:134:0: 'ECDSAAdd.Arithmetic.balancedSharedPorts_clean' depends on axioms: [propext, Classical.choice, Quot.sound]
info: ECDSAAdd/Arithmetic/BalancedIntegratedAudit.lean:135:0: 'ECDSAAdd.Arithmetic.balancedPair_narrow' depends on axioms: [propext, Quot.sound]
info: ECDSAAdd/Arithmetic/BalancedIntegratedAudit.lean:136:0: 'ECDSAAdd.Arithmetic.balancedPair_widen' depends on axioms: [propext]
info: ECDSAAdd/Arithmetic/BalancedIntegratedAudit.lean:137:0: 'ECDSAAdd.Arithmetic.balancedSharedCanonicalReplay_frame' depends on axioms: [propext, Classical.choice, Quot.sound]
info: ECDSAAdd/Arithmetic/BalancedIntegratedAudit.lean:138:0: 'ECDSAAdd.Arithmetic.balancedSharedCanonicalTapeReplay_quotient' depends on axioms: [propext,
 Classical.choice,
 Quot.sound]
info: ECDSAAdd/Arithmetic/BalancedIntegratedAudit.lean:139:0: 'ECDSAAdd.Arithmetic.balancedSharedCanonicalTapeReplay_counts' depends on axioms: [propext,
 Classical.choice,
 Quot.sound]
info: ECDSAAdd/Arithmetic/BalancedIntegratedAudit.lean:140:0: 'ECDSAAdd.Arithmetic.balancedSharedBoundary_clean' depends on axioms: [propext, Classical.choice, Quot.sound]
info: ECDSAAdd/Arithmetic/BalancedIntegratedAudit.lean:141:0: 'ECDSAAdd.Arithmetic.balancedSharedTranscriptReplayLayout' depends on axioms: [propext, Classical.choice, Quot.sound]
info: ECDSAAdd/Arithmetic/BalancedIntegratedAudit.lean:142:0: 'ECDSAAdd.Arithmetic.balancedSharedReplayProgram_eq' depends on axioms: [propext, Classical.choice, Quot.sound]
info: ECDSAAdd/Arithmetic/BalancedIntegratedAudit.lean:143:0: 'ECDSAAdd.Arithmetic.balancedSharedReplayProgram_counts' depends on axioms: [propext, Classical.choice, Quot.sound]
info: ECDSAAdd/Arithmetic/BalancedIntegratedAudit.lean:144:0: 'ECDSAAdd.Arithmetic.balancedSharedDivision_double_frame' depends on axioms: [propext, Classical.choice, Quot.sound]
info: ECDSAAdd/Arithmetic/BalancedIntegratedAudit.lean:145:0: 'ECDSAAdd.Arithmetic.balancedSharedDivision_replay_frame' depends on axioms: [propext, Classical.choice, Quot.sound]
info: ECDSAAdd/Arithmetic/BalancedIntegratedAudit.lean:146:0: 'ECDSAAdd.Arithmetic.balancedSharedFieldDivision_spec' depends on axioms: [propext, Classical.choice, Quot.sound]
info: ECDSAAdd/Arithmetic/BalancedIntegratedAudit.lean:147:0: 'ECDSAAdd.Arithmetic.balancedSharedFieldDivision_counts' depends on axioms: [propext, Classical.choice, Quot.sound]
info: ECDSAAdd/Arithmetic/BalancedIntegratedAudit.lean:148:0: 'ECDSAAdd.Arithmetic.balancedSharedFieldDivision' depends on axioms: [propext]
info: ECDSAAdd/Arithmetic/BalancedIntegratedAudit.lean:149:0: 'ECDSAAdd.Arithmetic.balancedTranscriptDouble_frame' depends on axioms: [propext, Classical.choice, Quot.sound]
info: ECDSAAdd/Arithmetic/BalancedIntegratedAudit.lean:150:0: 'ECDSAAdd.Arithmetic.balancedInverseTranscriptBody_frame' depends on axioms: [propext, Classical.choice, Quot.sound]
info: ECDSAAdd/Arithmetic/BalancedIntegratedAudit.lean:151:0: 'ECDSAAdd.Arithmetic.balancedInverseTranscriptCell_frame' depends on axioms: [propext, Classical.choice, Quot.sound]
info: ECDSAAdd/Arithmetic/BalancedIntegratedAudit.lean:152:0: 'ECDSAAdd.Arithmetic.balancedInverseTranscriptReplay_frame' depends on axioms: [propext, Classical.choice, Quot.sound]
info: ECDSAAdd/Arithmetic/BalancedIntegratedAudit.lean:153:0: 'ECDSAAdd.Arithmetic.balancedInverseTranscriptReplay_counts' depends on axioms: [propext, Classical.choice, Quot.sound]
info: ECDSAAdd/Arithmetic/BalancedIntegratedAudit.lean:154:0: 'ECDSAAdd.Arithmetic.balancedInverseTranscriptCanonicalReplay_frame' depends on axioms: [propext,
 Classical.choice,
 Quot.sound]
info: ECDSAAdd/Arithmetic/BalancedIntegratedAudit.lean:155:0: 'ECDSAAdd.Arithmetic.balancedInverseTranscriptCanonicalReplay_counts' depends on axioms: [propext,
 Classical.choice,
 Quot.sound]
info: ECDSAAdd/Arithmetic/BalancedIntegratedAudit.lean:156:0: 'ECDSAAdd.Arithmetic.balancedInverseSharedCanonicalReplay_frame' depends on axioms: [propext,
 Classical.choice,
 Quot.sound]
info: ECDSAAdd/Arithmetic/BalancedIntegratedAudit.lean:157:0: 'ECDSAAdd.Arithmetic.balancedInverseSharedCanonicalTapeReplay_product' depends on axioms: [propext,
 Classical.choice,
 Quot.sound]
info: ECDSAAdd/Arithmetic/BalancedIntegratedAudit.lean:158:0: 'ECDSAAdd.Arithmetic.balancedInverseSharedCanonicalTapeReplay_counts' depends on axioms: [propext,
 Classical.choice,
 Quot.sound]
info: ECDSAAdd/Arithmetic/BalancedIntegratedAudit.lean:159:0: 'ECDSAAdd.Arithmetic.balancedInverseSharedReplayProgram_eq' depends on axioms: [propext, Classical.choice, Quot.sound]
info: ECDSAAdd/Arithmetic/BalancedIntegratedAudit.lean:160:0: 'ECDSAAdd.Arithmetic.balancedInverseSharedReplayProgram_counts' depends on axioms: [propext,
 Classical.choice,
 Quot.sound]
info: ECDSAAdd/Arithmetic/BalancedIntegratedAudit.lean:161:0: 'ECDSAAdd.Arithmetic.balancedInverseSharedMultiplication_replay_frame' depends on axioms: [propext,
 Classical.choice,
 Quot.sound]
info: ECDSAAdd/Arithmetic/BalancedIntegratedAudit.lean:162:0: 'ECDSAAdd.Arithmetic.balancedInverseSharedFieldMultiplication_spec' depends on axioms: [propext,
 Classical.choice,
 Quot.sound]
info: ECDSAAdd/Arithmetic/BalancedIntegratedAudit.lean:163:0: 'ECDSAAdd.Arithmetic.balancedInverseSharedFieldMultiplication_counts' depends on axioms: [propext,
 Classical.choice,
 Quot.sound]
info: ECDSAAdd/Arithmetic/BalancedIntegratedAudit.lean:164:0: 'ECDSAAdd.Arithmetic.balancedInverseSharedFieldMultiplication' depends on axioms: [propext]
info: ECDSAAdd/Arithmetic/BalancedIntegratedAudit.lean:165:0: 'ECDSAAdd.Arithmetic.BalancedConvert.support' depends on axioms: [propext, Classical.choice, Quot.sound]
info: ECDSAAdd/Arithmetic/BalancedIntegratedAudit.lean:166:0: 'ECDSAAdd.Arithmetic.balancedTranscriptReplay_support' depends on axioms: [propext, Classical.choice, Quot.sound]
info: ECDSAAdd/Arithmetic/BalancedIntegratedAudit.lean:167:0: 'ECDSAAdd.Arithmetic.BalancedInverse.support' depends on axioms: [propext, Classical.choice, Quot.sound]
info: ECDSAAdd/Arithmetic/BalancedIntegratedAudit.lean:168:0: 'ECDSAAdd.Arithmetic.BalancedInverse.qubitBound' depends on axioms: [propext, Classical.choice, Quot.sound]
info: ECDSAAdd/Arithmetic/BalancedIntegratedAudit.lean:169:0: 'ECDSAAdd.Arithmetic.balancedInverseTranscriptReplay_support' depends on axioms: [propext, Classical.choice, Quot.sound]
info: ECDSAAdd/Arithmetic/BalancedIntegratedAudit.lean:170:0: 'ECDSAAdd.Arithmetic.balancedInverseTranscriptCanonicalReplay_support' depends on axioms: [propext,
 Classical.choice,
 Quot.sound]
info: ECDSAAdd/Arithmetic/BalancedIntegratedAudit.lean:171:0: 'ECDSAAdd.Arithmetic.BalancedSharedFieldSupport.unary' depends on axioms: [propext, Classical.choice, Quot.sound]
info: ECDSAAdd/Arithmetic/BalancedIntegratedAudit.lean:172:0: 'ECDSAAdd.Arithmetic.BalancedSharedFieldSupport.copy' depends on axioms: [propext, Classical.choice, Quot.sound]
info: ECDSAAdd/Arithmetic/BalancedIntegratedAudit.lean:173:0: 'ECDSAAdd.Arithmetic.BalancedSharedFieldSupport.kernelSites' depends on axioms: [propext, Classical.choice, Quot.sound]
info: ECDSAAdd/Arithmetic/BalancedIntegratedAudit.lean:174:0: 'ECDSAAdd.Arithmetic.BalancedSharedFieldSupport.converters' depends on axioms: [propext, Classical.choice, Quot.sound]
info: ECDSAAdd/Arithmetic/BalancedIntegratedAudit.lean:175:0: 'ECDSAAdd.Arithmetic.BalancedSharedFieldSupport.replay' depends on axioms: [propext, Classical.choice, Quot.sound]
info: ECDSAAdd/Arithmetic/BalancedIntegratedAudit.lean:176:0: 'ECDSAAdd.Arithmetic.BalancedSharedFieldSupport.replayPrograms' depends on axioms: [propext,
 Classical.choice,
 Quot.sound]
info: ECDSAAdd/Arithmetic/BalancedIntegratedAudit.lean:177:0: 'ECDSAAdd.Arithmetic.BalancedSharedFieldSupport.endpoints' depends on axioms: [propext, Classical.choice, Quot.sound]
info: ECDSAAdd/Arithmetic/BalancedIntegratedAudit.lean:178:0: 'ECDSAAdd.Arithmetic.BalancedSharedFieldSupport.declaredEndpoints' depends on axioms: [propext,
 Classical.choice,
 Quot.sound]
ℹ [3939/4011] Replayed ECDSAAdd.Arithmetic.BorrowedSkywalkUnarySupport
info: ECDSAAdd/Arithmetic/BorrowedSkywalkUnarySupport.lean:84:0: 'ECDSAAdd.Arithmetic.borrowedSkywalkUnary_support' depends on axioms: [propext, Classical.choice, Quot.sound]
info: ECDSAAdd/Arithmetic/BorrowedSkywalkUnarySupport.lean:85:0: 'ECDSAAdd.Arithmetic.borrowedSkywalkUnary_no_old_bank' depends on axioms: [propext, Classical.choice, Quot.sound]
info: ECDSAAdd/Arithmetic/BorrowedSkywalkUnarySupport.lean:86:0: 'ECDSAAdd.Arithmetic.borrowedSkywalkUnary_resources' depends on axioms: [propext, Classical.choice, Quot.sound]
ℹ [3940/4011] Replayed ECDSAAdd.Arithmetic.BorrowedSkywalkCompactSupportKernel
info: ECDSAAdd/Arithmetic/BorrowedSkywalkCompactSupportKernel.lean:42:0: 'ECDSAAdd.Arithmetic.BorrowedSkywalkCompactSupport.endpoints' depends on axioms: [propext, Classical.choice, Quot.sound]
info: ECDSAAdd/Arithmetic/BorrowedSkywalkCompactSupportKernel.lean:43:0: 'ECDSAAdd.Arithmetic.BorrowedSkywalkCompactSupport.kernel' depends on axioms: [propext, Classical.choice, Quot.sound]
ℹ [3941/4011] Replayed ECDSAAdd.Arithmetic.MixedTranscriptMultiplication
info: ECDSAAdd/Arithmetic/MixedTranscriptMultiplication.lean:111:0: 'ECDSAAdd.Arithmetic.mixedTranscriptFieldMultiplication_spec' depends on axioms: [propext, Classical.choice, Quot.sound]
info: ECDSAAdd/Arithmetic/MixedTranscriptMultiplication.lean:112:0: 'ECDSAAdd.Arithmetic.mixedTranscriptFieldMultiplication_counts' depends on axioms: [propext,
 Classical.choice,
 Quot.sound]
info: ECDSAAdd/Arithmetic/MixedTranscriptMultiplication.lean:114:0: 'ECDSAAdd.Arithmetic.mixedTranscriptFieldMultiplication' depends on axioms: [propext]
ℹ [3944/4011] Replayed ECDSAAdd.Arithmetic.CompactPointArithmeticSupport
info: ECDSAAdd/Arithmetic/CompactPointArithmeticSupport.lean:78:0: 'ECDSAAdd.Arithmetic.pointDirectSkywalkArithmetic_compact_support' depends on axioms: [propext,
 Classical.choice,
 Quot.sound]
info: ECDSAAdd/Arithmetic/CompactPointArithmeticSupport.lean:79:0: 'ECDSAAdd.Arithmetic.pointDirectSkywalkArithmetic_compact_resources' depends on axioms: [propext,
 Classical.choice,
 Quot.sound]
ℹ [3945/4011] Replayed ECDSAAdd.Arithmetic.CompactIntegratedAudit
info: ECDSAAdd/Arithmetic/CompactIntegratedAudit.lean:23:0: 'ECDSAAdd.Arithmetic.BalancedCircuit.work' does not depend on any axioms
info: ECDSAAdd/Arithmetic/CompactIntegratedAudit.lean:24:0: 'ECDSAAdd.Arithmetic.BalancedCircuit.scalarND' depends on axioms: [propext, Quot.sound]
info: ECDSAAdd/Arithmetic/CompactIntegratedAudit.lean:25:0: 'ECDSAAdd.Arithmetic.BalancedCircuit.seedND' depends on axioms: [propext, Quot.sound]
info: ECDSAAdd/Arithmetic/CompactIntegratedAudit.lean:26:0: 'ECDSAAdd.Arithmetic.BalancedCircuit.rawTargetND' depends on axioms: [propext, Quot.sound]
info: ECDSAAdd/Arithmetic/CompactIntegratedAudit.lean:27:0: 'ECDSAAdd.Arithmetic.BalancedCircuit.allND' depends on axioms: [propext, Quot.sound]
info: ECDSAAdd/Arithmetic/CompactIntegratedAudit.lean:28:0: 'ECDSAAdd.Arithmetic.BalancedCircuit.foldND' depends on axioms: [propext, Quot.sound]
info: ECDSAAdd/Arithmetic/CompactIntegratedAudit.lean:29:0: 'ECDSAAdd.Arithmetic.BalancedCircuit.flagAway' depends on axioms: [propext, Quot.sound]
info: ECDSAAdd/Arithmetic/CompactIntegratedAudit.lean:30:0: 'ECDSAAdd.Arithmetic.BalancedCircuit.signed_extension' depends on axioms: [propext, Classical.choice, Quot.sound]
info: ECDSAAdd/Arithmetic/CompactIntegratedAudit.lean:31:0: 'ECDSAAdd.Arithmetic.BalancedCircuit.word_encoding' depends on axioms: [propext, Classical.choice, Quot.sound]
info: ECDSAAdd/Arithmetic/CompactIntegratedAudit.lean:32:0: 'ECDSAAdd.Arithmetic.BalancedCircuit.word_sign' depends on axioms: [propext, Classical.choice, Quot.sound]
info: ECDSAAdd/Arithmetic/CompactIntegratedAudit.lean:33:0: 'ECDSAAdd.Arithmetic.BalancedCircuit.raw_parity' depends on axioms: [propext, Classical.choice, Quot.sound]
info: ECDSAAdd/Arithmetic/CompactIntegratedAudit.lean:34:0: 'ECDSAAdd.Arithmetic.BalancedCircuit.word_parity' depends on axioms: [propext, Classical.choice, Quot.sound]
info: ECDSAAdd/Arithmetic/CompactIntegratedAudit.lean:35:0: 'ECDSAAdd.Arithmetic.BalancedCircuit.seedViews_run' depends on axioms: [propext, Quot.sound]
info: ECDSAAdd/Arithmetic/CompactIntegratedAudit.lean:36:0: 'ECDSAAdd.Arithmetic.BalancedCircuit.prepareFold_run' depends on axioms: [propext, Quot.sound]
info: ECDSAAdd/Arithmetic/CompactIntegratedAudit.lean:37:0: 'ECDSAAdd.Arithmetic.BalancedCircuit.releaseSelectors_run' depends on axioms: [propext, Classical.choice, Quot.sound]
info: ECDSAAdd/Arithmetic/CompactIntegratedAudit.lean:38:0: 'ECDSAAdd.Arithmetic.BalancedCircuit.fold_correct' depends on axioms: [propext, Classical.choice, Quot.sound]
info: ECDSAAdd/Arithmetic/CompactIntegratedAudit.lean:39:0: 'ECDSAAdd.Arithmetic.BalancedCircuit.rotate_folded' depends on axioms: [propext, Classical.choice, Quot.sound]
info: ECDSAAdd/Arithmetic/CompactIntegratedAudit.lean:40:0: 'ECDSAAdd.Arithmetic.BalancedFold.modulusWord' depends on axioms: [propext]
info: ECDSAAdd/Arithmetic/CompactIntegratedAudit.lean:41:0: 'ECDSAAdd.Arithmetic.BalancedFold.virtualSource' depends on axioms: [propext]
info: ECDSAAdd/Arithmetic/CompactIntegratedAudit.lean:42:0: 'ECDSAAdd.Arithmetic.BalancedFold.selectedSource' depends on axioms: [propext]
info: ECDSAAdd/Arithmetic/CompactIntegratedAudit.lean:43:0: 'ECDSAAdd.Arithmetic.BalancedFold.virtualSource_value' depends on axioms: [propext]
info: ECDSAAdd/Arithmetic/CompactIntegratedAudit.lean:44:0: 'ECDSAAdd.Arithmetic.BalancedFold.foldBits_value' depends on axioms: [propext]
info: ECDSAAdd/Arithmetic/CompactIntegratedAudit.lean:45:0: 'ECDSAAdd.Arithmetic.BalancedFold.encode_shift' depends on axioms: [propext, Classical.choice, Quot.sound]
info: ECDSAAdd/Arithmetic/CompactIntegratedAudit.lean:46:0: 'ECDSAAdd.Arithmetic.BalancedFold.minusController' does not depend on any axioms
info: ECDSAAdd/Arithmetic/CompactIntegratedAudit.lean:47:0: 'ECDSAAdd.Arithmetic.BalancedFold.plusController' does not depend on any axioms
info: ECDSAAdd/Arithmetic/CompactIntegratedAudit.lean:48:0: 'ECDSAAdd.Arithmetic.BalancedFold.controllers_exclusive' does not depend on any axioms
info: ECDSAAdd/Arithmetic/CompactIntegratedAudit.lean:49:0: 'ECDSAAdd.Arithmetic.BalancedFold.toggledWord' depends on axioms: [propext]
info: ECDSAAdd/Arithmetic/CompactIntegratedAudit.lean:50:0: 'ECDSAAdd.Arithmetic.BalancedFold.foldedSum' depends on axioms: [propext]
info: ECDSAAdd/Arithmetic/CompactIntegratedAudit.lean:51:0: 'ECDSAAdd.Arithmetic.BalancedFold.raw_sign' depends on axioms: [propext, Classical.choice, Quot.sound]
info: ECDSAAdd/Arithmetic/CompactIntegratedAudit.lean:52:0: 'ECDSAAdd.Arithmetic.BalancedFold.toggled_parity' depends on axioms: [propext, Classical.choice, Quot.sound]
info: ECDSAAdd/Arithmetic/CompactIntegratedAudit.lean:53:0: 'ECDSAAdd.Arithmetic.BalancedFold.cleared_low_word' depends on axioms: [propext, Classical.choice, Quot.sound]
info: ECDSAAdd/Arithmetic/CompactIntegratedAudit.lean:54:0: 'ECDSAAdd.Arithmetic.BalancedFold.foldedSum_value' depends on axioms: [propext, Classical.choice, Quot.sound]
info: ECDSAAdd/Arithmetic/CompactIntegratedAudit.lean:55:0: 'ECDSAAdd.Arithmetic.BalancedFold.foldedSum_low' depends on axioms: [propext, Classical.choice, Quot.sound]
info: ECDSAAdd/Arithmetic/CompactIntegratedAudit.lean:56:0: 'ECDSAAdd.Arithmetic.BalancedFold.foldedSum_cout' depends on axioms: [propext, Classical.choice, Quot.sound]
info: ECDSAAdd/Arithmetic/CompactIntegratedAudit.lean:57:0: 'ECDSAAdd.Arithmetic.BalancedFold.foldedSum_bound' depends on axioms: [propext, Classical.choice, Quot.sound]
info: ECDSAAdd/Arithmetic/CompactIntegratedAudit.lean:58:0: 'ECDSAAdd.Arithmetic.BalancedFold.foldBits_sources' depends on axioms: [propext, Quot.sound]
info: ECDSAAdd/Arithmetic/CompactIntegratedAudit.lean:59:0: 'ECDSAAdd.Arithmetic.BalancedFold.toggle_top_value' depends on axioms: [propext, Classical.choice, Quot.sound]
info: ECDSAAdd/Arithmetic/CompactIntegratedAudit.lean:60:0: 'ECDSAAdd.Arithmetic.BalancedFold.toggledWord_bound' depends on axioms: [propext, Classical.choice, Quot.sound]
info: ECDSAAdd/Arithmetic/CompactIntegratedAudit.lean:61:0: 'ECDSAAdd.Arithmetic.BalancedFold.parity_clear_value' depends on axioms: [propext, Classical.choice, Quot.sound]
info: ECDSAAdd/Arithmetic/CompactIntegratedAudit.lean:62:0: 'ECDSAAdd.Arithmetic.BalancedFold.prepared_upper_bound' depends on axioms: [propext, Classical.choice, Quot.sound]
info: ECDSAAdd/Arithmetic/CompactIntegratedAudit.lean:63:0: 'ECDSAAdd.Arithmetic.BalancedInverse.recoverParity' depends on axioms: [propext]
info: ECDSAAdd/Arithmetic/CompactIntegratedAudit.lean:64:0: 'ECDSAAdd.Arithmetic.BalancedInverse.recoverSelectors' does not depend on any axioms
info: ECDSAAdd/Arithmetic/CompactIntegratedAudit.lean:65:0: 'ECDSAAdd.Arithmetic.BalancedInverse.undoFold' depends on axioms: [propext]
info: ECDSAAdd/Arithmetic/CompactIntegratedAudit.lean:66:0: 'ECDSAAdd.Arithmetic.BalancedInverse.undoPreparation' does not depend on any axioms
info: ECDSAAdd/Arithmetic/CompactIntegratedAudit.lean:67:0: 'ECDSAAdd.Arithmetic.BalancedInverse.rawSubtract' depends on axioms: [propext]
info: ECDSAAdd/Arithmetic/CompactIntegratedAudit.lean:68:0: 'ECDSAAdd.Arithmetic.BalancedInverse.program' depends on axioms: [propext]
info: ECDSAAdd/Arithmetic/CompactIntegratedAudit.lean:69:0: 'ECDSAAdd.Arithmetic.BalancedInverse.counts' depends on axioms: [propext, Classical.choice, Quot.sound]
info: ECDSAAdd/Arithmetic/CompactIntegratedAudit.lean:70:0: 'ECDSAAdd.Arithmetic.BalancedCleanupXor.xor_states' depends on axioms: [propext, Classical.choice, Quot.sound]
info: ECDSAAdd/Arithmetic/CompactIntegratedAudit.lean:71:0: 'ECDSAAdd.Arithmetic.BalancedCleanupXor.xor_correct' depends on axioms: [propext, Classical.choice, Quot.sound]
info: ECDSAAdd/Arithmetic/CompactIntegratedAudit.lean:72:0: 'ECDSAAdd.Arithmetic.BalancedInverse.recoverParity_correct' depends on axioms: [propext, Classical.choice, Quot.sound]
info: ECDSAAdd/Arithmetic/CompactIntegratedAudit.lean:73:0: 'ECDSAAdd.Arithmetic.BalancedCircuit.seed_data_frame' depends on axioms: [propext, Quot.sound]
info: ECDSAAdd/Arithmetic/CompactIntegratedAudit.lean:74:0: 'ECDSAAdd.Arithmetic.BalancedCircuit.seed_signed' depends on axioms: [propext, Classical.choice, Quot.sound]
info: ECDSAAdd/Arithmetic/CompactIntegratedAudit.lean:75:0: 'ECDSAAdd.Arithmetic.BalancedCircuit.seed_parity' depends on axioms: [propext, Classical.choice, Quot.sound]
info: ECDSAAdd/Arithmetic/CompactIntegratedAudit.lean:76:0: 'ECDSAAdd.Arithmetic.BalancedCircuit.seed_raw_signed' depends on axioms: [propext, Classical.choice, Quot.sound]
info: ECDSAAdd/Arithmetic/CompactIntegratedAudit.lean:77:0: 'ECDSAAdd.Arithmetic.BalancedCircuit.support' depends on axioms: [propext, Classical.choice, Quot.sound]
info: ECDSAAdd/Arithmetic/CompactIntegratedAudit.lean:78:0: 'ECDSAAdd.Arithmetic.BalancedCircuit.qubitBound' depends on axioms: [propext, Classical.choice, Quot.sound]
info: ECDSAAdd/Arithmetic/CompactIntegratedAudit.lean:79:0: 'ECDSAAdd.Arithmetic.BalancedCircuit.foldSources' depends on axioms: [propext, Quot.sound]
info: ECDSAAdd/Arithmetic/CompactIntegratedAudit.lean:80:0: 'ECDSAAdd.Arithmetic.BalancedInverse.complement_sandwich' depends on axioms: [propext, Quot.sound]
info: ECDSAAdd/Arithmetic/CompactIntegratedAudit.lean:81:0: 'ECDSAAdd.Arithmetic.BalancedInverse.mappedSub_any_correct' depends on axioms: [propext, Classical.choice, Quot.sound]
info: ECDSAAdd/Arithmetic/CompactIntegratedAudit.lean:82:0: 'ECDSAAdd.Arithmetic.BalancedInverse.subInPlace_any_correct' depends on axioms: [propext, Classical.choice, Quot.sound]
info: ECDSAAdd/Arithmetic/CompactIntegratedAudit.lean:83:0: 'ECDSAAdd.Arithmetic.BalancedInverse.result' depends on axioms: [propext, Classical.choice, Quot.sound]
info: ECDSAAdd/Arithmetic/CompactIntegratedAudit.lean:84:0: 'ECDSAAdd.Arithmetic.BalancedInverse.result_bounds' depends on axioms: [propext, Classical.choice, Quot.sound]
info: ECDSAAdd/Arithmetic/CompactIntegratedAudit.lean:85:0: 'ECDSAAdd.Arithmetic.BalancedInverse.result_half' depends on axioms: [propext, Classical.choice, Quot.sound]
info: ECDSAAdd/Arithmetic/CompactIntegratedAudit.lean:86:0: 'ECDSAAdd.Arithmetic.BalancedCircuit.core_correct' depends on axioms: [propext, Classical.choice, Quot.sound]
info: ECDSAAdd/Arithmetic/CompactIntegratedAudit.lean:87:0: 'ECDSAAdd.Arithmetic.BalancedCircuit.program_correct' depends on axioms: [propext, Classical.choice, Quot.sound]
info: ECDSAAdd/Arithmetic/CompactIntegratedAudit.lean:88:0: 'ECDSAAdd.Arithmetic.BalancedInverse.recoverSelectors_run' depends on axioms: [propext, Quot.sound]
info: ECDSAAdd/Arithmetic/CompactIntegratedAudit.lean:89:0: 'ECDSAAdd.Arithmetic.BalancedInverse.undoPreparation_run' depends on axioms: [propext, Classical.choice, Quot.sound]
info: ECDSAAdd/Arithmetic/CompactIntegratedAudit.lean:90:0: 'ECDSAAdd.Arithmetic.BalancedInverse.result_parity' depends on axioms: [propext, Classical.choice, Quot.sound]
info: ECDSAAdd/Arithmetic/CompactIntegratedAudit.lean:91:0: 'ECDSAAdd.Arithmetic.BalancedInverse.result_sign' depends on axioms: [propext, Classical.choice, Quot.sound]
info: ECDSAAdd/Arithmetic/CompactIntegratedAudit.lean:92:0: 'ECDSAAdd.Arithmetic.BalancedInverse.rotate_unfold' depends on axioms: [propext, Classical.choice, Quot.sound]
info: ECDSAAdd/Arithmetic/CompactIntegratedAudit.lean:93:0: 'ECDSAAdd.Arithmetic.BalancedInverse.undoFold_correct' depends on axioms: [propext, Classical.choice, Quot.sound]
info: ECDSAAdd/Arithmetic/CompactIntegratedAudit.lean:94:0: 'ECDSAAdd.Arithmetic.BalancedInverse.rawSubtract_modular' depends on axioms: [propext, Classical.choice, Quot.sound]
info: ECDSAAdd/Arithmetic/CompactIntegratedAudit.lean:95:0: 'ECDSAAdd.Arithmetic.BalancedInverse.rawSubtract_signed' depends on axioms: [propext, Classical.choice, Quot.sound]
info: ECDSAAdd/Arithmetic/CompactIntegratedAudit.lean:96:0: 'ECDSAAdd.Arithmetic.BalancedConvert.counts' depends on axioms: [propext, Classical.choice, Quot.sound]
info: ECDSAAdd/Arithmetic/CompactIntegratedAudit.lean:97:0: 'ECDSAAdd.Arithmetic.BalancedConvert.predicate_run' depends on axioms: [propext, Classical.choice, Quot.sound]
info: ECDSAAdd/Arithmetic/CompactIntegratedAudit.lean:98:0: 'ECDSAAdd.Arithmetic.BalancedConvert.center_correct' depends on axioms: [propext, Classical.choice, Quot.sound]
info: ECDSAAdd/Arithmetic/CompactIntegratedAudit.lean:99:0: 'ECDSAAdd.Arithmetic.BalancedConvert.canonical_correct' depends on axioms: [propext, Classical.choice, Quot.sound]
info: ECDSAAdd/Arithmetic/CompactIntegratedAudit.lean:100:0: 'ECDSAAdd.Arithmetic.BalancedInverse.prepared_one' depends on axioms: [propext, Classical.choice, Quot.sound]
info: ECDSAAdd/Arithmetic/CompactIntegratedAudit.lean:101:0: 'ECDSAAdd.Arithmetic.BalancedInverse.undoPreparation_word' depends on axioms: [propext, Classical.choice, Quot.sound]
info: ECDSAAdd/Arithmetic/CompactIntegratedAudit.lean:102:0: 'ECDSAAdd.Arithmetic.BalancedInverse.unseed_run' depends on axioms: [propext, Classical.choice, Quot.sound]
info: ECDSAAdd/Arithmetic/CompactIntegratedAudit.lean:103:0: 'ECDSAAdd.Arithmetic.BalancedInverse.unseed_correlations' depends on axioms: [propext, Classical.choice, Quot.sound]
info: ECDSAAdd/Arithmetic/CompactIntegratedAudit.lean:104:0: 'ECDSAAdd.Arithmetic.BalancedInverse.program_correct' depends on axioms: [propext, Classical.choice, Quot.sound]
info: ECDSAAdd/Arithmetic/CompactIntegratedAudit.lean:105:0: 'ECDSAAdd.Arithmetic.balancedTranscriptHalf_frame' depends on axioms: [propext, Classical.choice, Quot.sound]
info: ECDSAAdd/Arithmetic/CompactIntegratedAudit.lean:106:0: 'ECDSAAdd.Arithmetic.balancedTranscriptBody_frame' depends on axioms: [propext, Classical.choice, Quot.sound]
info: ECDSAAdd/Arithmetic/CompactIntegratedAudit.lean:107:0: 'ECDSAAdd.Arithmetic.balancedTranscriptCell_frame' depends on axioms: [propext, Classical.choice, Quot.sound]
info: ECDSAAdd/Arithmetic/CompactIntegratedAudit.lean:108:0: 'ECDSAAdd.Arithmetic.balancedTranscriptReplay_frame' depends on axioms: [propext, Classical.choice, Quot.sound]
info: ECDSAAdd/Arithmetic/CompactIntegratedAudit.lean:109:0: 'ECDSAAdd.Arithmetic.balancedTranscriptReplay_counts' depends on axioms: [propext, Classical.choice, Quot.sound]
info: ECDSAAdd/Arithmetic/CompactIntegratedAudit.lean:110:0: 'ECDSAAdd.Arithmetic.balancedTranscriptCanonicalReplay_frame' depends on axioms: [propext, Classical.choice, Quot.sound]
info: ECDSAAdd/Arithmetic/CompactIntegratedAudit.lean:111:0: 'ECDSAAdd.Arithmetic.balancedTranscriptCanonicalReplay_counts' depends on axioms: [propext,
 Classical.choice,
 Quot.sound]
info: ECDSAAdd/Arithmetic/CompactIntegratedAudit.lean:112:0: 'ECDSAAdd.Arithmetic.balancedTranscriptTapeReplay_quotient' depends on axioms: [propext, Classical.choice, Quot.sound]
info: ECDSAAdd/Arithmetic/CompactIntegratedAudit.lean:113:0: 'ECDSAAdd.Arithmetic.balancedTranscriptTapeReplay_counts' depends on axioms: [propext, Classical.choice, Quot.sound]
info: ECDSAAdd/Arithmetic/CompactIntegratedAudit.lean:114:0: 'ECDSAAdd.Arithmetic.balancedSharedPorts_clean' depends on axioms: [propext, Classical.choice, Quot.sound]
info: ECDSAAdd/Arithmetic/CompactIntegratedAudit.lean:115:0: 'ECDSAAdd.Arithmetic.balancedPair_narrow' depends on axioms: [propext, Quot.sound]
info: ECDSAAdd/Arithmetic/CompactIntegratedAudit.lean:116:0: 'ECDSAAdd.Arithmetic.balancedPair_widen' depends on axioms: [propext]
info: ECDSAAdd/Arithmetic/CompactIntegratedAudit.lean:117:0: 'ECDSAAdd.Arithmetic.balancedSharedCanonicalReplay_frame' depends on axioms: [propext, Classical.choice, Quot.sound]
info: ECDSAAdd/Arithmetic/CompactIntegratedAudit.lean:118:0: 'ECDSAAdd.Arithmetic.balancedSharedCanonicalTapeReplay_quotient' depends on axioms: [propext,
 Classical.choice,
 Quot.sound]
info: ECDSAAdd/Arithmetic/CompactIntegratedAudit.lean:119:0: 'ECDSAAdd.Arithmetic.balancedSharedCanonicalTapeReplay_counts' depends on axioms: [propext,
 Classical.choice,
 Quot.sound]
info: ECDSAAdd/Arithmetic/CompactIntegratedAudit.lean:120:0: 'ECDSAAdd.Arithmetic.balancedSharedBoundary_clean' depends on axioms: [propext, Classical.choice, Quot.sound]
info: ECDSAAdd/Arithmetic/CompactIntegratedAudit.lean:121:0: 'ECDSAAdd.Arithmetic.balancedSharedTranscriptReplayLayout' depends on axioms: [propext, Classical.choice, Quot.sound]
info: ECDSAAdd/Arithmetic/CompactIntegratedAudit.lean:122:0: 'ECDSAAdd.Arithmetic.balancedSharedReplayProgram_eq' depends on axioms: [propext, Classical.choice, Quot.sound]
info: ECDSAAdd/Arithmetic/CompactIntegratedAudit.lean:123:0: 'ECDSAAdd.Arithmetic.balancedSharedReplayProgram_counts' depends on axioms: [propext, Classical.choice, Quot.sound]
info: ECDSAAdd/Arithmetic/CompactIntegratedAudit.lean:124:0: 'ECDSAAdd.Arithmetic.balancedSharedDivision_double_frame' depends on axioms: [propext, Classical.choice, Quot.sound]
info: ECDSAAdd/Arithmetic/CompactIntegratedAudit.lean:125:0: 'ECDSAAdd.Arithmetic.balancedSharedDivision_replay_frame' depends on axioms: [propext, Classical.choice, Quot.sound]
info: ECDSAAdd/Arithmetic/CompactIntegratedAudit.lean:126:0: 'ECDSAAdd.Arithmetic.balancedSharedFieldDivision_spec' depends on axioms: [propext, Classical.choice, Quot.sound]
info: ECDSAAdd/Arithmetic/CompactIntegratedAudit.lean:127:0: 'ECDSAAdd.Arithmetic.balancedSharedFieldDivision_counts' depends on axioms: [propext, Classical.choice, Quot.sound]
info: ECDSAAdd/Arithmetic/CompactIntegratedAudit.lean:128:0: 'ECDSAAdd.Arithmetic.balancedSharedFieldDivision' depends on axioms: [propext]
info: ECDSAAdd/Arithmetic/CompactIntegratedAudit.lean:129:0: 'ECDSAAdd.Arithmetic.balancedTranscriptDouble_frame' depends on axioms: [propext, Classical.choice, Quot.sound]
info: ECDSAAdd/Arithmetic/CompactIntegratedAudit.lean:130:0: 'ECDSAAdd.Arithmetic.balancedInverseTranscriptBody_frame' depends on axioms: [propext, Classical.choice, Quot.sound]
info: ECDSAAdd/Arithmetic/CompactIntegratedAudit.lean:131:0: 'ECDSAAdd.Arithmetic.balancedInverseTranscriptCell_frame' depends on axioms: [propext, Classical.choice, Quot.sound]
info: ECDSAAdd/Arithmetic/CompactIntegratedAudit.lean:132:0: 'ECDSAAdd.Arithmetic.balancedInverseTranscriptReplay_frame' depends on axioms: [propext, Classical.choice, Quot.sound]
info: ECDSAAdd/Arithmetic/CompactIntegratedAudit.lean:133:0: 'ECDSAAdd.Arithmetic.balancedInverseTranscriptReplay_counts' depends on axioms: [propext, Classical.choice, Quot.sound]
info: ECDSAAdd/Arithmetic/CompactIntegratedAudit.lean:134:0: 'ECDSAAdd.Arithmetic.balancedInverseTranscriptCanonicalReplay_frame' depends on axioms: [propext,
 Classical.choice,
 Quot.sound]
info: ECDSAAdd/Arithmetic/CompactIntegratedAudit.lean:135:0: 'ECDSAAdd.Arithmetic.balancedInverseTranscriptCanonicalReplay_counts' depends on axioms: [propext,
 Classical.choice,
 Quot.sound]
info: ECDSAAdd/Arithmetic/CompactIntegratedAudit.lean:136:0: 'ECDSAAdd.Arithmetic.balancedInverseSharedCanonicalReplay_frame' depends on axioms: [propext,
 Classical.choice,
 Quot.sound]
info: ECDSAAdd/Arithmetic/CompactIntegratedAudit.lean:137:0: 'ECDSAAdd.Arithmetic.balancedInverseSharedCanonicalTapeReplay_product' depends on axioms: [propext,
 Classical.choice,
 Quot.sound]
info: ECDSAAdd/Arithmetic/CompactIntegratedAudit.lean:138:0: 'ECDSAAdd.Arithmetic.balancedInverseSharedCanonicalTapeReplay_counts' depends on axioms: [propext,
 Classical.choice,
 Quot.sound]
info: ECDSAAdd/Arithmetic/CompactIntegratedAudit.lean:139:0: 'ECDSAAdd.Arithmetic.balancedInverseSharedReplayProgram_eq' depends on axioms: [propext, Classical.choice, Quot.sound]
info: ECDSAAdd/Arithmetic/CompactIntegratedAudit.lean:140:0: 'ECDSAAdd.Arithmetic.balancedInverseSharedReplayProgram_counts' depends on axioms: [propext,
 Classical.choice,
 Quot.sound]
info: ECDSAAdd/Arithmetic/CompactIntegratedAudit.lean:141:0: 'ECDSAAdd.Arithmetic.balancedInverseSharedMultiplication_replay_frame' depends on axioms: [propext,
 Classical.choice,
 Quot.sound]
info: ECDSAAdd/Arithmetic/CompactIntegratedAudit.lean:142:0: 'ECDSAAdd.Arithmetic.balancedInverseSharedFieldMultiplication_spec' depends on axioms: [propext,
 Classical.choice,
 Quot.sound]
info: ECDSAAdd/Arithmetic/CompactIntegratedAudit.lean:143:0: 'ECDSAAdd.Arithmetic.balancedInverseSharedFieldMultiplication_counts' depends on axioms: [propext,
 Classical.choice,
 Quot.sound]
info: ECDSAAdd/Arithmetic/CompactIntegratedAudit.lean:144:0: 'ECDSAAdd.Arithmetic.balancedInverseSharedFieldMultiplication' depends on axioms: [propext]
info: ECDSAAdd/Arithmetic/CompactIntegratedAudit.lean:145:0: 'ECDSAAdd.Arithmetic.BalancedConvert.support' depends on axioms: [propext, Classical.choice, Quot.sound]
info: ECDSAAdd/Arithmetic/CompactIntegratedAudit.lean:146:0: 'ECDSAAdd.Arithmetic.balancedTranscriptReplay_support' depends on axioms: [propext, Classical.choice, Quot.sound]
info: ECDSAAdd/Arithmetic/CompactIntegratedAudit.lean:147:0: 'ECDSAAdd.Arithmetic.BalancedInverse.support' depends on axioms: [propext, Classical.choice, Quot.sound]
info: ECDSAAdd/Arithmetic/CompactIntegratedAudit.lean:148:0: 'ECDSAAdd.Arithmetic.BalancedInverse.qubitBound' depends on axioms: [propext, Classical.choice, Quot.sound]
info: ECDSAAdd/Arithmetic/CompactIntegratedAudit.lean:149:0: 'ECDSAAdd.Arithmetic.balancedInverseTranscriptReplay_support' depends on axioms: [propext, Classical.choice, Quot.sound]
info: ECDSAAdd/Arithmetic/CompactIntegratedAudit.lean:150:0: 'ECDSAAdd.Arithmetic.balancedInverseTranscriptCanonicalReplay_support' depends on axioms: [propext,
 Classical.choice,
 Quot.sound]
info: ECDSAAdd/Arithmetic/CompactIntegratedAudit.lean:151:0: 'ECDSAAdd.Arithmetic.BalancedSharedFieldSupport.unary' depends on axioms: [propext, Classical.choice, Quot.sound]
info: ECDSAAdd/Arithmetic/CompactIntegratedAudit.lean:152:0: 'ECDSAAdd.Arithmetic.BalancedSharedFieldSupport.copy' depends on axioms: [propext, Classical.choice, Quot.sound]
info: ECDSAAdd/Arithmetic/CompactIntegratedAudit.lean:153:0: 'ECDSAAdd.Arithmetic.BalancedSharedFieldSupport.kernelSites' depends on axioms: [propext, Classical.choice, Quot.sound]
info: ECDSAAdd/Arithmetic/CompactIntegratedAudit.lean:154:0: 'ECDSAAdd.Arithmetic.BalancedSharedFieldSupport.converters' depends on axioms: [propext, Classical.choice, Quot.sound]
info: ECDSAAdd/Arithmetic/CompactIntegratedAudit.lean:155:0: 'ECDSAAdd.Arithmetic.BalancedSharedFieldSupport.replay' depends on axioms: [propext, Classical.choice, Quot.sound]
info: ECDSAAdd/Arithmetic/CompactIntegratedAudit.lean:156:0: 'ECDSAAdd.Arithmetic.BalancedSharedFieldSupport.replayPrograms' depends on axioms: [propext,
 Classical.choice,
 Quot.sound]
info: ECDSAAdd/Arithmetic/CompactIntegratedAudit.lean:157:0: 'ECDSAAdd.Arithmetic.BalancedSharedFieldSupport.endpoints' depends on axioms: [propext, Classical.choice, Quot.sound]
info: ECDSAAdd/Arithmetic/CompactIntegratedAudit.lean:158:0: 'ECDSAAdd.Arithmetic.BalancedSharedFieldSupport.declaredEndpoints' depends on axioms: [propext,
 Classical.choice,
 Quot.sound]
info: ECDSAAdd/Arithmetic/CompactIntegratedAudit.lean:159:0: 'ECDSAAdd.Arithmetic.literalSkywalkSeed_counts' depends on axioms: [propext, Classical.choice, Quot.sound]
info: ECDSAAdd/Arithmetic/CompactIntegratedAudit.lean:160:0: 'ECDSAAdd.Arithmetic.literalSkywalkSeed_frame' depends on axioms: [propext, Classical.choice, Quot.sound]
info: ECDSAAdd/Arithmetic/CompactIntegratedAudit.lean:161:0: 'ECDSAAdd.Arithmetic.literalSkywalkSeed_spec' depends on axioms: [propext, Classical.choice, Quot.sound]
info: ECDSAAdd/Arithmetic/CompactIntegratedAudit.lean:162:0: 'ECDSAAdd.Arithmetic.literalSkywalkUnseed_spec' depends on axioms: [propext, Classical.choice, Quot.sound]
info: ECDSAAdd/Arithmetic/CompactIntegratedAudit.lean:163:0: 'ECDSAAdd.Arithmetic.literalSkywalkSeed_encode' depends on axioms: [propext, Quot.sound]
info: ECDSAAdd/Arithmetic/CompactIntegratedAudit.lean:164:0: 'ECDSAAdd.Arithmetic.literalSkywalkSeed_roundtrip' depends on axioms: [propext, Classical.choice, Quot.sound]
info: ECDSAAdd/Arithmetic/CompactIntegratedAudit.lean:165:0: 'ECDSAAdd.Arithmetic.literalSkywalkUnseed_preserves_outsideA' depends on axioms: [propext, Classical.choice, Quot.sound]
info: ECDSAAdd/Arithmetic/CompactIntegratedAudit.lean:166:0: 'ECDSAAdd.Arithmetic.literalSkywalkPoolSeed_valid' depends on axioms: [propext, Classical.choice, Quot.sound]
info: ECDSAAdd/Arithmetic/CompactIntegratedAudit.lean:167:0: 'ECDSAAdd.Arithmetic.literalSkywalkPoolSeed_boundary' depends on axioms: [propext, Classical.choice, Quot.sound]
info: ECDSAAdd/Arithmetic/CompactIntegratedAudit.lean:168:0: 'ECDSAAdd.Arithmetic.literalSkywalkPoolSeed_qubitBound' depends on axioms: [propext, Classical.choice, Quot.sound]
info: ECDSAAdd/Arithmetic/CompactIntegratedAudit.lean:169:0: 'ECDSAAdd.Arithmetic.literalSkywalkSeedSharedBridge_oldSeed_outsideA' depends on axioms: [propext,
 Classical.choice,
 Quot.sound]
info: ECDSAAdd/Arithmetic/CompactIntegratedAudit.lean:170:0: 'ECDSAAdd.Arithmetic.literalSkywalkSeedSharedBridge_oldUnseed_outsideA' depends on axioms: [propext,
 Classical.choice,
 Quot.sound]
info: ECDSAAdd/Arithmetic/CompactIntegratedAudit.lean:171:0: 'ECDSAAdd.Arithmetic.literalSkywalkSeedSharedBridge_seed_eq' depends on axioms: [propext, Classical.choice, Quot.sound]
info: ECDSAAdd/Arithmetic/CompactIntegratedAudit.lean:172:0: 'ECDSAAdd.Arithmetic.literalSkywalkSeedSharedBridge_unseed_eq' depends on axioms: [propext,
 Classical.choice,
 Quot.sound]
info: ECDSAAdd/Arithmetic/CompactIntegratedAudit.lean:173:0: 'ECDSAAdd.Arithmetic.literalSkywalkSeedSharedBridge_seed_spec' depends on axioms: [propext,
 Classical.choice,
 Quot.sound]
info: ECDSAAdd/Arithmetic/CompactIntegratedAudit.lean:174:0: 'ECDSAAdd.Arithmetic.literalSkywalkSeedSharedBridge_unseed_spec' depends on axioms: [propext,
 Classical.choice,
 Quot.sound]
info: ECDSAAdd/Arithmetic/CompactIntegratedAudit.lean:175:0: 'ECDSAAdd.Arithmetic.directSkywalkLiteralSeed_seed_eq' depends on axioms: [propext, Classical.choice, Quot.sound]
info: ECDSAAdd/Arithmetic/CompactIntegratedAudit.lean:176:0: 'ECDSAAdd.Arithmetic.directSkywalkLiteralSeed_unseed_eq' depends on axioms: [propext, Classical.choice, Quot.sound]
info: ECDSAAdd/Arithmetic/CompactIntegratedAudit.lean:177:0: 'ECDSAAdd.Arithmetic.borrowedSkywalkUnary_jointND' depends on axioms: [propext, Classical.choice, Quot.sound]
info: ECDSAAdd/Arithmetic/CompactIntegratedAudit.lean:178:0: 'ECDSAAdd.Arithmetic.borrowedSkywalkUnary_workAway' depends on axioms: [propext, Classical.choice, Quot.sound]
info: ECDSAAdd/Arithmetic/CompactIntegratedAudit.lean:179:0: 'ECDSAAdd.Arithmetic.borrowedSkywalkUnary_work_subset' depends on axioms: [propext, Classical.choice, Quot.sound]
info: ECDSAAdd/Arithmetic/CompactIntegratedAudit.lean:180:0: 'ECDSAAdd.Arithmetic.borrowedSkywalkUnary_clean_frame' depends on axioms: [propext, Classical.choice, Quot.sound]
info: ECDSAAdd/Arithmetic/CompactIntegratedAudit.lean:181:0: 'ECDSAAdd.Arithmetic.borrowedSkywalkUnary_double_frame' depends on axioms: [propext, Classical.choice, Quot.sound]
info: ECDSAAdd/Arithmetic/CompactIntegratedAudit.lean:182:0: 'ECDSAAdd.Arithmetic.borrowedSkywalkUnary_half_frame' depends on axioms: [propext, Classical.choice, Quot.sound]
info: ECDSAAdd/Arithmetic/CompactIntegratedAudit.lean:183:0: 'ECDSAAdd.Arithmetic.borrowedSkywalkUnary_support' depends on axioms: [propext, Classical.choice, Quot.sound]
info: ECDSAAdd/Arithmetic/CompactIntegratedAudit.lean:184:0: 'ECDSAAdd.Arithmetic.borrowedSkywalkUnary_no_old_bank' depends on axioms: [propext, Classical.choice, Quot.sound]
info: ECDSAAdd/Arithmetic/CompactIntegratedAudit.lean:185:0: 'ECDSAAdd.Arithmetic.borrowedSkywalkUnary_resources' depends on axioms: [propext, Classical.choice, Quot.sound]
info: ECDSAAdd/Arithmetic/CompactIntegratedAudit.lean:186:0: 'ECDSAAdd.Arithmetic.BorrowedSkywalkCompactSupport.kernelSites' depends on axioms: [propext,
 Classical.choice,
 Quot.sound]
info: ECDSAAdd/Arithmetic/CompactIntegratedAudit.lean:187:0: 'ECDSAAdd.Arithmetic.BorrowedSkywalkCompactSupport.converters' depends on axioms: [propext,
 Classical.choice,
 Quot.sound]
info: ECDSAAdd/Arithmetic/CompactIntegratedAudit.lean:188:0: 'ECDSAAdd.Arithmetic.BorrowedSkywalkCompactSupport.replay' depends on axioms: [propext, Classical.choice, Quot.sound]
info: ECDSAAdd/Arithmetic/CompactIntegratedAudit.lean:189:0: 'ECDSAAdd.Arithmetic.BorrowedSkywalkCompactSupport.tapeSupport' depends on axioms: [propext,
 Classical.choice,
 Quot.sound]
info: ECDSAAdd/Arithmetic/CompactIntegratedAudit.lean:190:0: 'ECDSAAdd.Arithmetic.BorrowedSkywalkCompactSupport.replayPrograms' depends on axioms: [propext,
 Classical.choice,
 Quot.sound]
info: ECDSAAdd/Arithmetic/CompactIntegratedAudit.lean:191:0: 'ECDSAAdd.Arithmetic.BorrowedSkywalkCompactSupport.copy' depends on axioms: [propext, Classical.choice, Quot.sound]
info: ECDSAAdd/Arithmetic/CompactIntegratedAudit.lean:192:0: 'ECDSAAdd.Arithmetic.BorrowedSkywalkCompactSupport.copyLow' depends on axioms: [propext, Classical.choice, Quot.sound]
info: ECDSAAdd/Arithmetic/CompactIntegratedAudit.lean:193:0: 'ECDSAAdd.Arithmetic.BorrowedSkywalkCompactSupport.unary' depends on axioms: [propext, Classical.choice, Quot.sound]
info: ECDSAAdd/Arithmetic/CompactIntegratedAudit.lean:194:0: 'ECDSAAdd.Arithmetic.BorrowedSkywalkCompactSupport.integerSegments' depends on axioms: [propext,
 Classical.choice,
 Quot.sound]
info: ECDSAAdd/Arithmetic/CompactIntegratedAudit.lean:195:0: 'ECDSAAdd.Arithmetic.BorrowedSkywalkCompactSupport.endpoints' depends on axioms: [propext, Classical.choice, Quot.sound]
info: ECDSAAdd/Arithmetic/CompactIntegratedAudit.lean:196:0: 'ECDSAAdd.Arithmetic.BorrowedSkywalkCompactSupport.kernel' depends on axioms: [propext, Classical.choice, Quot.sound]
info: ECDSAAdd/Arithmetic/CompactIntegratedAudit.lean:197:0: 'ECDSAAdd.Arithmetic.ControlledPointLayout.compactPointSites_nodup' depends on axioms: [propext,
 Classical.choice,
 Quot.sound]
info: ECDSAAdd/Arithmetic/CompactIntegratedAudit.lean:198:0: 'ECDSAAdd.Arithmetic.ControlledPointLayout.compactSharedMap_support' depends on axioms: [propext,
 Classical.choice,
 Quot.sound]
info: ECDSAAdd/Arithmetic/CompactIntegratedAudit.lean:199:0: 'ECDSAAdd.Arithmetic.pointDirectSkywalkArithmetic_compact_support' depends on axioms: [propext,
 Classical.choice,
 Quot.sound]
info: ECDSAAdd/Arithmetic/CompactIntegratedAudit.lean:200:0: 'ECDSAAdd.Arithmetic.pointDirectSkywalkArithmetic_compact_resources' depends on axioms: [propext,
 Classical.choice,
 Quot.sound]
info: ECDSAAdd/Arithmetic/CompactIntegratedAudit.lean:201:0: 'ECDSAAdd.Arithmetic.pointDialogGeneric_compact_wires' depends on axioms: [propext, Classical.choice, Quot.sound]
info: ECDSAAdd/Arithmetic/CompactIntegratedAudit.lean:202:0: 'ECDSAAdd.Arithmetic.pointDialogFinite_compact_wires' depends on axioms: [propext, Classical.choice, Quot.sound]
info: ECDSAAdd/Arithmetic/CompactIntegratedAudit.lean:203:0: 'ECDSAAdd.Arithmetic.BalancedSharedFieldSupport.compactSubsetShared' depends on axioms: [propext,
 Classical.choice,
 Quot.sound]
ℹ [3967/4011] Replayed ECDSAAdd.Framework.RecordedSyntax
info: ECDSAAdd/Framework/RecordedSyntax.lean:142:0: 'ECDSAAdd.embedRecorded_counts' depends on axioms: [propext]
info: ECDSAAdd/Framework/RecordedSyntax.lean:143:0: 'ECDSAAdd.recordedSources_bound' depends on axioms: [propext, Classical.choice, Quot.sound]
ℹ [3968/4011] Replayed ECDSAAdd.Framework.RecordedSemantics
info: ECDSAAdd/Framework/RecordedSemantics.lean:109:0: 'ECDSAAdd.runWithTape_embedRecorded' depends on axioms: [propext]
info: ECDSAAdd/Framework/RecordedSemantics.lean:110:0: 'ECDSAAdd.runWithTape_append' depends on axioms: [propext]
info: ECDSAAdd/Framework/RecordedSemantics.lean:111:0: 'ECDSAAdd.runWithTape_preserves_outside' depends on axioms: [propext, Classical.choice, Quot.sound]
ℹ [3969/4011] Replayed ECDSAAdd.Arithmetic.RecordedRailCarryProgram
info: ECDSAAdd/Arithmetic/RecordedRailCarryProgram.lean:74:0: 'ECDSAAdd.Arithmetic.RecordedRailCarry.counts' depends on axioms: [propext]
info: ECDSAAdd/Arithmetic/RecordedRailCarryProgram.lean:75:0: 'ECDSAAdd.Arithmetic.RecordedRailCarry.support_some' depends on axioms: [propext, Classical.choice, Quot.sound]
ℹ [3970/4011] Replayed ECDSAAdd.Arithmetic.RecordedCarryPhaseProof
info: ECDSAAdd/Arithmetic/RecordedCarryPhaseProof.lean:127:0: 'ECDSAAdd.Arithmetic.RecordedCarryPhase.correct' depends on axioms: [propext, Classical.choice, Quot.sound]
info: ECDSAAdd/Arithmetic/RecordedCarryPhaseProof.lean:128:0: 'ECDSAAdd.Arithmetic.RecordedCarryPhase.recorded_Z_cancel' depends on axioms: [propext]
info: ECDSAAdd/Arithmetic/RecordedCarryPhaseProof.lean:129:0: 'ECDSAAdd.Arithmetic.RecordedCarryPhase.counts' depends on axioms: [propext]
info: ECDSAAdd/Arithmetic/RecordedCarryPhaseProof.lean:130:0: 'ECDSAAdd.Arithmetic.RecordedCarryPhase.support' depends on axioms: [propext, Classical.choice, Quot.sound]
ℹ [3971/4011] Replayed ECDSAAdd.Arithmetic.RecordedRailCarryProof
info: ECDSAAdd/Arithmetic/RecordedRailCarryProof.lean:185:0: 'ECDSAAdd.Arithmetic.RecordedRailCarry.carryStep_some' depends on axioms: [propext, Quot.sound]
info: ECDSAAdd/Arithmetic/RecordedRailCarryProof.lean:186:0: 'ECDSAAdd.Arithmetic.RecordedRailCarry.retire_some' depends on axioms: [propext, Classical.choice, Quot.sound]
info: ECDSAAdd/Arithmetic/RecordedRailCarryProof.lean:187:0: 'ECDSAAdd.Arithmetic.RecordedRailCarry.correct_some' depends on axioms: [propext, Classical.choice, Quot.sound]
info: ECDSAAdd/Arithmetic/RecordedRailCarryProof.lean:188:0: 'ECDSAAdd.Arithmetic.RecordedRailCarry.correct_none' depends on axioms: [propext, Classical.choice, Quot.sound]
ℹ [3972/4011] Replayed ECDSAAdd.Arithmetic.RecordedRailRippleProgram
info: ECDSAAdd/Arithmetic/RecordedRailRippleProgram.lean:68:0: 'ECDSAAdd.Arithmetic.RecordedRailRipple.terminal_counts' depends on axioms: [propext]
ℹ [3973/4011] Replayed ECDSAAdd.Arithmetic.RecordedRailRippleTerminalProof
info: ECDSAAdd/Arithmetic/RecordedRailRippleTerminalProof.lean:117:0: 'ECDSAAdd.Arithmetic.RecordedRailRipple.terminal_state_some' depends on axioms: [propext, Quot.sound]
info: ECDSAAdd/Arithmetic/RecordedRailRippleTerminalProof.lean:118:0: 'ECDSAAdd.Arithmetic.RecordedRailRipple.terminal_value_some' depends on axioms: [propext, Quot.sound]
info: ECDSAAdd/Arithmetic/RecordedRailRippleTerminalProof.lean:119:0: 'ECDSAAdd.Arithmetic.RecordedRailRipple.terminal_value_none' depends on axioms: [propext, Quot.sound]
ℹ [3974/4011] Replayed ECDSAAdd.Arithmetic.RecordedRailRippleInvariant
info: ECDSAAdd/Arithmetic/RecordedRailRippleInvariant.lean:83:0: 'ECDSAAdd.Arithmetic.RecordedRailRipple.carryFn_eq' does not depend on any axioms
info: ECDSAAdd/Arithmetic/RecordedRailRippleInvariant.lean:84:0: 'ECDSAAdd.Arithmetic.RecordedRailRipple.unsigned_step' depends on axioms: [propext, Classical.choice, Quot.sound]
ℹ [3975/4011] Replayed ECDSAAdd.Arithmetic.RecordedRailRippleResources
info: ECDSAAdd/Arithmetic/RecordedRailRippleResources.lean:67:0: 'ECDSAAdd.Arithmetic.RecordedRailRipple.ripple_counts' depends on axioms: [propext, Classical.choice, Quot.sound]
ℹ [3976/4011] Replayed ECDSAAdd.Arithmetic.RecordedRailRippleProofFrame
info: ECDSAAdd/Arithmetic/RecordedRailRippleProofFrame.lean:121:0: 'ECDSAAdd.Arithmetic.RecordedRailRipple.phaseDebt_congr' depends on axioms: [propext]
info: ECDSAAdd/Arithmetic/RecordedRailRippleProofFrame.lean:122:0: 'ECDSAAdd.Arithmetic.RecordedRailRipple.carryStep_state' depends on axioms: [propext, Quot.sound]
info: ECDSAAdd/Arithmetic/RecordedRailRippleProofFrame.lean:123:0: 'ECDSAAdd.Arithmetic.RecordedRailRipple.oldCorrection_state' depends on axioms: [propext]
info: ECDSAAdd/Arithmetic/RecordedRailRippleProofFrame.lean:124:0: 'ECDSAAdd.Arithmetic.RecordedRailRipple.unwind_state' depends on axioms: [propext, Classical.choice, Quot.sound]
ℹ [3977/4011] Replayed ECDSAAdd.Arithmetic.RecordedRailRippleProofLayout
info: ECDSAAdd/Arithmetic/RecordedRailRippleProofLayout.lean:102:0: 'ECDSAAdd.Arithmetic.RecordedRailRipple.step_layout' depends on axioms: [propext, Quot.sound]
info: ECDSAAdd/Arithmetic/RecordedRailRippleProofLayout.lean:103:0: 'ECDSAAdd.Arithmetic.RecordedRailRipple.computed_head' depends on axioms: [propext]
info: ECDSAAdd/Arithmetic/RecordedRailRippleProofLayout.lean:104:0: 'ECDSAAdd.Arithmetic.RecordedRailRipple.unwound_head' depends on axioms: [propext]
ℹ [3978/4011] Replayed ECDSAAdd.Arithmetic.RecordedRailVentedProgram
info: ECDSAAdd/Arithmetic/RecordedRailVentedProgram.lean:127:0: 'ECDSAAdd.Arithmetic.RecordedRailVented.aligned_shape' depends on axioms: [propext, Classical.choice, Quot.sound]
info: ECDSAAdd/Arithmetic/RecordedRailVentedProgram.lean:128:0: 'ECDSAAdd.Arithmetic.RecordedRailVented.counts' depends on axioms: [propext, Classical.choice, Quot.sound]
info: ECDSAAdd/Arithmetic/RecordedRailVentedProgram.lean:129:0: 'ECDSAAdd.Arithmetic.RecordedRailVented.support' depends on axioms: [propext, Classical.choice, Quot.sound]
ℹ [3979/4011] Replayed ECDSAAdd.Arithmetic.RecordedRailVentedFrame
info: ECDSAAdd/Arithmetic/RecordedRailVentedFrame.lean:127:0: 'ECDSAAdd.Arithmetic.RecordedRailVented.top_state' depends on axioms: [propext, Classical.choice, Quot.sound]
info: ECDSAAdd/Arithmetic/RecordedRailVentedFrame.lean:128:0: 'ECDSAAdd.Arithmetic.RecordedRailVented.top_frame' depends on axioms: [propext, Classical.choice, Quot.sound]
info: ECDSAAdd/Arithmetic/RecordedRailVentedFrame.lean:129:0: 'ECDSAAdd.Arithmetic.RecordedRailVented.step_layout' depends on axioms: [propext, Classical.choice, Quot.sound]
ℹ [3980/4011] Replayed ECDSAAdd.Arithmetic.RecordedRailVentedProof
info: ECDSAAdd/Arithmetic/RecordedRailVentedProof.lean:124:0: 'ECDSAAdd.Arithmetic.RecordedRailVented.vented_frame' depends on axioms: [propext, Classical.choice, Quot.sound]
ℹ [3981/4011] Replayed ECDSAAdd.Arithmetic.RecordedRailVentedSpec
info: ECDSAAdd/Arithmetic/RecordedRailVentedSpec.lean:118:0: 'ECDSAAdd.Arithmetic.RecordedRailVented.correct' depends on axioms: [propext, Classical.choice, Quot.sound]
info: ECDSAAdd/Arithmetic/RecordedRailVentedSpec.lean:119:0: 'ECDSAAdd.Arithmetic.RecordedRailVented.wide_mod' depends on axioms: [propext, Classical.choice, Quot.sound]
info: ECDSAAdd/Arithmetic/RecordedRailVentedSpec.lean:120:0: 'ECDSAAdd.Arithmetic.RecordedRailVented.site_bound' depends on axioms: [propext, Classical.choice, Quot.sound]
ℹ [3982/4011] Replayed ECDSAAdd.Arithmetic.RecordedRailRippleProofBase
info: ECDSAAdd/Arithmetic/RecordedRailRippleProofBase.lean:77:0: 'ECDSAAdd.Arithmetic.RecordedRailRipple.one_frame' depends on axioms: [propext, Classical.choice, Quot.sound]
info: ECDSAAdd/Arithmetic/RecordedRailRippleProofBase.lean:78:0: 'ECDSAAdd.Arithmetic.RecordedRailRipple.two_frame' depends on axioms: [propext, Quot.sound]
ℹ [3983/4011] Replayed ECDSAAdd.Arithmetic.RecordedRailRippleProof
info: ECDSAAdd/Arithmetic/RecordedRailRippleProof.lean:172:0: 'ECDSAAdd.Arithmetic.RecordedRailRipple.ripple_frame' depends on axioms: [propext, Classical.choice, Quot.sound]
info: ECDSAAdd/Arithmetic/RecordedRailRippleProof.lean:173:0: 'ECDSAAdd.Arithmetic.RecordedRailRipple.unsignedContract_of_shape' depends on axioms: [propext,
 Classical.choice,
 Quot.sound]
ℹ [3984/4011] Replayed ECDSAAdd.Arithmetic.RecordedRailRippleLayout
info: ECDSAAdd/Arithmetic/RecordedRailRippleLayout.lean:132:0: 'ECDSAAdd.Arithmetic.RecordedRailRipple.aligned_shape' depends on axioms: [propext, Classical.choice, Quot.sound]
info: ECDSAAdd/Arithmetic/RecordedRailRippleLayout.lean:133:0: 'ECDSAAdd.Arithmetic.RecordedRailRipple.ripple_support' depends on axioms: [propext, Classical.choice, Quot.sound]
info: ECDSAAdd/Arithmetic/RecordedRailRippleLayout.lean:134:0: 'ECDSAAdd.Arithmetic.RecordedRailRipple.ripple_wellFormed' depends on axioms: [propext, Classical.choice, Quot.sound]
ℹ [3985/4011] Replayed ECDSAAdd.Arithmetic.RecordedRailRippleCertificate
info: ECDSAAdd/Arithmetic/RecordedRailRippleCertificate.lean:29:0: 'ECDSAAdd.Arithmetic.RecordedRailRipple.unsignedContract_of_aligned' depends on axioms: [propext,
 Classical.choice,
 Quot.sound]
info: ECDSAAdd/Arithmetic/RecordedRailRippleCertificate.lean:30:0: 'ECDSAAdd.Arithmetic.RecordedRailRipple.certificate256' depends on axioms: [propext, Classical.choice, Quot.sound]
ℹ [3986/4011] Replayed ECDSAAdd.Arithmetic.RecordedRailDeferProgram
info: ECDSAAdd/Arithmetic/RecordedRailDeferProgram.lean:83:0: 'ECDSAAdd.Arithmetic.RecordedRailDefer.advance_counts' depends on axioms: [propext, Classical.choice, Quot.sound]
ℹ [3987/4011] Replayed ECDSAAdd.Arithmetic.RecordedRailDeferBareProof
info: ECDSAAdd/Arithmetic/RecordedRailDeferBareProof.lean:46:0: 'ECDSAAdd.Arithmetic.RecordedRailDefer.drop_head_getD' depends on axioms: [propext]
info: ECDSAAdd/Arithmetic/RecordedRailDeferBareProof.lean:47:0: 'ECDSAAdd.Arithmetic.RecordedRailDefer.bare_state' depends on axioms: [propext]
info: ECDSAAdd/Arithmetic/RecordedRailDeferBareProof.lean:48:0: 'ECDSAAdd.Arithmetic.RecordedRailDefer.advance_state' depends on axioms: [propext, Classical.choice, Quot.sound]
ℹ [3988/4011] Replayed ECDSAAdd.Arithmetic.RecordedRailDeferTwoLayout
info: ECDSAAdd/Arithmetic/RecordedRailDeferTwoLayout.lean:98:0: 'ECDSAAdd.Arithmetic.RecordedRailDefer.two_layout' depends on axioms: [propext, Classical.choice, Quot.sound]
info: ECDSAAdd/Arithmetic/RecordedRailDeferTwoLayout.lean:99:0: 'ECDSAAdd.Arithmetic.RecordedRailDefer.concatenate_value' depends on axioms: [propext]
info: ECDSAAdd/Arithmetic/RecordedRailDeferTwoLayout.lean:100:0: 'ECDSAAdd.Arithmetic.RecordedRailDefer.first_carry' depends on axioms: [propext, Classical.choice, Quot.sound]
ℹ [3989/4011] Replayed ECDSAAdd.Arithmetic.RecordedRailDeferTwoProof
info: ECDSAAdd/Arithmetic/RecordedRailDeferTwoProof.lean:137:0: 'ECDSAAdd.Arithmetic.RecordedRailDefer.two_correct' depends on axioms: [propext, Classical.choice, Quot.sound]
ℹ [3990/4011] Replayed ECDSAAdd.Arithmetic.RecordedRailDeferRolling
info: ECDSAAdd/Arithmetic/RecordedRailDeferRolling.lean:136:0: 'ECDSAAdd.Arithmetic.RecordedRailDefer.prefix_boundary' depends on axioms: [propext, Classical.choice, Quot.sound]
info: ECDSAAdd/Arithmetic/RecordedRailDeferRolling.lean:137:0: 'ECDSAAdd.Arithmetic.RecordedRailDefer.advance_prefix' depends on axioms: [propext, Classical.choice, Quot.sound]
ℹ [3991/4011] Replayed ECDSAAdd.Math.RecordedCarryWordMirror
info: ECDSAAdd/Math/RecordedCarryWordMirror.lean:68:0: 'ECDSAAdd.Math.RecordedCarryWordMirror.mirror_carries' depends on axioms: [propext]
info: ECDSAAdd/Math/RecordedCarryWordMirror.lean:69:0: 'ECDSAAdd.Math.RecordedCarryWordMirror.mirror_sum' depends on axioms: [propext]
info: ECDSAAdd/Math/RecordedCarryWordMirror.lean:70:0: 'ECDSAAdd.Math.RecordedCarryWordMirror.mirror_debt' depends on axioms: [propext]
ℹ [3992/4011] Replayed ECDSAAdd.Arithmetic.RecordedRailMirrorDebt
info: ECDSAAdd/Arithmetic/RecordedRailMirrorDebt.lean:34:0: 'ECDSAAdd.Arithmetic.RecordedRailRipple.phaseDebt_word' depends on axioms: [propext]
info: ECDSAAdd/Arithmetic/RecordedRailMirrorDebt.lean:35:0: 'ECDSAAdd.Arithmetic.RecordedRailRipple.mirror_phaseDebt' depends on axioms: [propext]
ℹ [3993/4011] Replayed ECDSAAdd.Arithmetic.RecordedRailDeferFinish
info: ECDSAAdd/Arithmetic/RecordedRailDeferFinish.lean:97:0: 'ECDSAAdd.Arithmetic.RecordedRailDefer.wrapped_result' depends on axioms: [propext, Classical.choice, Quot.sound]
info: ECDSAAdd/Arithmetic/RecordedRailDeferFinish.lean:98:0: 'ECDSAAdd.Arithmetic.RecordedRailDefer.finish_state' depends on axioms: [propext, Classical.choice, Quot.sound]
ℹ [3994/4011] Replayed ECDSAAdd.Arithmetic.RecordedRailDeferFinishPrefix
info: ECDSAAdd/Arithmetic/RecordedRailDeferFinishPrefix.lean:127:0: 'ECDSAAdd.Arithmetic.RecordedRailDefer.finish_prefix' depends on axioms: [propext, Classical.choice, Quot.sound]
ℹ [3995/4011] Replayed ECDSAAdd.Arithmetic.RecordedRailDeferResources
info: ECDSAAdd/Arithmetic/RecordedRailDeferResources.lean:74:0: 'ECDSAAdd.Arithmetic.RecordedRailDefer.forward32_counts' depends on axioms: [propext, Classical.choice, Quot.sound]
info: ECDSAAdd/Arithmetic/RecordedRailDeferResources.lean:75:0: 'ECDSAAdd.Arithmetic.RecordedRailDefer.ordinals_earlier' does not depend on any axioms
ℹ [3996/4011] Replayed ECDSAAdd.Arithmetic.RecordedRailDeferPrefixLayout
info: ECDSAAdd/Arithmetic/RecordedRailDeferPrefixLayout.lean:87:0: 'ECDSAAdd.Arithmetic.RecordedRailDefer.prepare_prefix' depends on axioms: [propext, Classical.choice, Quot.sound]
ℹ [3997/4011] Replayed ECDSAAdd.Arithmetic.RecordedRailDeferPrefixStep
info: ECDSAAdd/Arithmetic/RecordedRailDeferPrefixStep.lean:72:0: 'ECDSAAdd.Arithmetic.RecordedRailDefer.initial_prefix' depends on axioms: [propext, Classical.choice, Quot.sound]
info: ECDSAAdd/Arithmetic/RecordedRailDeferPrefixStep.lean:73:0: 'ECDSAAdd.Arithmetic.RecordedRailDefer.step_prefix' depends on axioms: [propext, Classical.choice, Quot.sound]
ℹ [3998/4011] Replayed ECDSAAdd.Arithmetic.RecordedRailDeferEight
info: ECDSAAdd/Arithmetic/RecordedRailDeferEight.lean:111:0: 'ECDSAAdd.Arithmetic.RecordedRailDefer.correct32' depends on axioms: [propext, Classical.choice, Quot.sound]
ℹ [4000/4011] Replayed ECDSAAdd.Arithmetic.RecordedRailApplyWord
info: ECDSAAdd/Arithmetic/RecordedRailApplyWord.lean:159:0: 'ECDSAAdd.Arithmetic.RecordedRailApply.mapped_sum' depends on axioms: [propext, Classical.choice, Quot.sound]
info: ECDSAAdd/Arithmetic/RecordedRailApplyWord.lean:160:0: 'ECDSAAdd.Arithmetic.RecordedRailApply.carry_overflow' depends on axioms: [propext, Classical.choice, Quot.sound]
ℹ [4001/4011] Replayed ECDSAAdd.Arithmetic.RecordedRailApplyDebt
info: ECDSAAdd/Arithmetic/RecordedRailApplyDebt.lean:82:0: 'ECDSAAdd.Arithmetic.RecordedRailApply.sparse_debt' depends on axioms: [propext, Classical.choice, Quot.sound]
info: ECDSAAdd/Arithmetic/RecordedRailApplyDebt.lean:83:0: 'ECDSAAdd.Arithmetic.RecordedRailApply.debt_forward' depends on axioms: [propext, Classical.choice, Quot.sound]
ℹ [4002/4011] Replayed ECDSAAdd.Arithmetic.RecordedRailApplyLayout
info: ECDSAAdd/Arithmetic/RecordedRailApplyLayout.lean:70:0: 'ECDSAAdd.Arithmetic.RecordedRailApply.forward_ready' depends on axioms: [propext, Quot.sound]
info: ECDSAAdd/Arithmetic/RecordedRailApplyLayout.lean:71:0: 'ECDSAAdd.Arithmetic.RecordedRailApply.flip_state' depends on axioms: [propext, Quot.sound]
ℹ [4003/4011] Replayed ECDSAAdd.Arithmetic.RecordedRailApplyProof
info: ECDSAAdd/Arithmetic/RecordedRailApplyProof.lean:111:0: 'ECDSAAdd.Arithmetic.RecordedRailApply.correct_pair' depends on axioms: [propext, Classical.choice, Quot.sound]
ℹ [4004/4011] Replayed ECDSAAdd.Arithmetic.RecordedRailDeferSupport
info: ECDSAAdd/Arithmetic/RecordedRailDeferSupport.lean:114:0: 'ECDSAAdd.Arithmetic.RecordedRailDefer.forward32_support' depends on axioms: [propext, Classical.choice, Quot.sound]
info: ECDSAAdd/Arithmetic/RecordedRailDeferSupport.lean:115:0: 'ECDSAAdd.Arithmetic.RecordedRailDefer.forward32_site_bound' depends on axioms: [propext, Classical.choice, Quot.sound]
ℹ [4005/4011] Replayed ECDSAAdd.Arithmetic.RecordedRailApplyResources
info: ECDSAAdd/Arithmetic/RecordedRailApplyResources.lean:99:0: 'ECDSAAdd.Arithmetic.RecordedRailApply.pair_counts' depends on axioms: [propext, Classical.choice, Quot.sound]
info: ECDSAAdd/Arithmetic/RecordedRailApplyResources.lean:100:0: 'ECDSAAdd.Arithmetic.RecordedRailApply.pair_site_bound' depends on axioms: [propext, Classical.choice, Quot.sound]
ℹ [4006/4011] Replayed ECDSAAdd.Arithmetic.NativeFirstDirectCallerSupport
info: ECDSAAdd/Arithmetic/NativeFirstDirectCallerSupport.lean:67:0: 'ECDSAAdd.Arithmetic.NativeFirstDirect.prefix_slots' depends on axioms: [propext, Classical.choice, Quot.sound]
info: ECDSAAdd/Arithmetic/NativeFirstDirectCallerSupport.lean:68:0: 'ECDSAAdd.Arithmetic.NativeFirstDirect.caller_kernel_support' depends on axioms: [propext, Classical.choice, Quot.sound]
info: ECDSAAdd/Arithmetic/NativeFirstDirectCallerSupport.lean:69:0: 'ECDSAAdd.Arithmetic.NativeFirstDirect.caller_controlled_support' depends on axioms: [propext,
 Classical.choice,
 Quot.sound]
info: ECDSAAdd/Arithmetic/NativeFirstDirectCallerSupport.lean:70:0: 'ECDSAAdd.Arithmetic.NativeFirstDirect.caller_total_site_bound' depends on axioms: [propext,
 Classical.choice,
 Quot.sound]
ℹ [4007/4011] Replayed ECDSAAdd.Arithmetic.TerminalMappedFieldPoolRestore
info: ECDSAAdd/Arithmetic/TerminalMappedFieldPoolRestore.lean:70:0: 'ECDSAAdd.Arithmetic.MappedCompressed.fieldTrimSegment_pool_frame' depends on axioms: [propext,
 Classical.choice,
 Quot.sound]
info: ECDSAAdd/Arithmetic/TerminalMappedFieldPoolRestore.lean:71:0: 'ECDSAAdd.Arithmetic.MappedCompressed.fieldTrimSegment_reverse_pool' depends on axioms: [propext,
 Classical.choice,
 Quot.sound]
ℹ [4008/4011] Replayed ECDSAAdd.Arithmetic.NearestLiftMath
info: ECDSAAdd/Arithmetic/NearestLiftMath.lean:32:0: 'ECDSAAdd.Arithmetic.NearestLift.correction' depends on axioms: [propext, Classical.choice, Quot.sound]
info: ECDSAAdd/Arithmetic/NearestLiftMath.lean:33:0: 'ECDSAAdd.Arithmetic.NearestLift.secp_threshold_bound' depends on axioms: [propext, Classical.choice, Quot.sound]
✔ [4010/4011] Built ECDSAAdd (2.9s)
Build completed successfully (4011 jobs).
